entry_date,exit_date,direction,entry_price,exit_price,net_return_pct,outcome,exit_reason
2024-12-04 22:00:00+00:00,2024-12-05 22:00:00+00:00,LONG,1.05106,1.05673,0.5194554069225202,WIN,TIME_EXIT
2024-12-05 22:00:00+00:00,2024-12-08 22:00:00+00:00,LONG,1.05884,1.056934088,-0.2000000000000009,LOSS,STOP_LOSS
2024-12-08 22:00:00+00:00,2024-12-09 22:00:00+00:00,LONG,1.05593,1.054029326,-0.2000000000000044,LOSS,STOP_LOSS
2024-12-09 22:00:00+00:00,2024-12-10 22:00:00+00:00,LONG,1.05551,1.0536100819999998,-0.20000000000001056,LOSS,STOP_LOSS
2024-12-10 22:00:00+00:00,2024-12-11 22:00:00+00:00,LONG,1.05276,1.050865032,-0.1999999999999997,LOSS,STOP_LOSS
2024-12-11 22:00:00+00:00,2024-12-12 22:00:00+00:00,LONG,1.0496,1.04771072,-0.2000000000000099,LOSS,STOP_LOSS
2024-12-12 22:00:00+00:00,2024-12-15 22:00:00+00:00,LONG,1.04702,1.05108,0.3677671868732166,WIN,TIME_EXIT
2024-12-15 22:00:00+00:00,2024-12-16 22:00:00+00:00,LONG,1.04894,1.04916,0.0009735542547818742,WIN,TIME_EXIT
2024-12-16 22:00:00+00:00,2024-12-17 22:00:00+00:00,LONG,1.0511,1.0492080199999998,-0.20000000000001203,LOSS,STOP_LOSS
2024-12-17 22:00:00+00:00,2024-12-18 22:00:00+00:00,LONG,1.04926,1.047371332,-0.20000000000000887,LOSS,STOP_LOSS
2024-12-18 22:00:00+00:00,2024-12-19 22:00:00+00:00,LONG,1.03537,1.04294,0.7111395926094127,WIN,TIME_EXIT
2024-12-22 22:00:00+00:00,2024-12-23 22:00:00+00:00,SHORT,1.04316,1.03966,0.31551899996166055,WIN,TIME_EXIT
2024-12-23 22:00:00+00:00,2024-12-25 22:00:00+00:00,SHORT,1.04096,1.0428337280000002,-0.20000000000000712,LOSS,STOP_LOSS
2024-12-25 22:00:00+00:00,2024-12-26 22:00:00+00:00,SHORT,1.04042,1.042292756,-0.20000000000000298,LOSS,STOP_LOSS
2024-12-26 22:00:00+00:00,2024-12-29 22:00:00+00:00,SHORT,1.04215,1.04402587,-0.20000000000001084,LOSS,STOP_LOSS
2024-12-29 22:00:00+00:00,2024-12-30 22:00:00+00:00,SHORT,1.04316,1.03533,0.7306039341999312,WIN,TIME_EXIT
2024-12-30 22:00:00+00:00,2025-01-01 22:00:00+00:00,SHORT,1.04032,1.0267,1.289212549984617,WIN,TIME_EXIT
2025-01-01 22:00:00+00:00,2025-01-02 22:00:00+00:00,SHORT,1.0355,1.0309,0.424229840656703,WIN,TIME_EXIT
2025-01-02 22:00:00+00:00,2025-01-05 22:00:00+00:00,SHORT,1.026,1.0278468,-0.20000000000000362,LOSS,STOP_LOSS
2025-01-05 22:00:00+00:00,2025-01-06 22:00:00+00:00,SHORT,1.03057,1.032425026,-0.200000000000009,LOSS,STOP_LOSS
2025-01-06 22:00:00+00:00,2025-01-07 22:00:00+00:00,SHORT,1.0385,1.03188,0.617457871930676,WIN,TIME_EXIT
2025-01-07 22:00:00+00:00,2025-01-08 22:00:00+00:00,SHORT,1.03425,1.02998,0.3928595600676815,WIN,TIME_EXIT
2025-01-08 22:00:00+00:00,2025-01-09 22:00:00+00:00,SHORT,1.03166,1.02442,0.6817815947114275,WIN,TIME_EXIT
2025-01-09 22:00:00+00:00,2025-01-12 22:00:00+00:00,SHORT,1.03008,1.02434,0.5372382727555216,WIN,TIME_EXIT
2025-01-12 22:00:00+00:00,2025-01-13 22:00:00+00:00,SHORT,1.02404,1.0258832720000002,-0.2000000000000115,LOSS,STOP_LOSS
2025-01-13 22:00:00+00:00,2025-01-14 22:00:00+00:00,SHORT,1.02448,1.026324064,-0.1999999999999925,LOSS,STOP_LOSS
2025-01-14 22:00:00+00:00,2025-01-15 22:00:00+00:00,SHORT,1.03048,1.0302,0.00717180343141623,WIN,TIME_EXIT
2025-01-15 22:00:00+00:00,2025-01-16 22:00:00+00:00,SHORT,1.02875,1.03060175,-0.19999999999999316,LOSS,STOP_LOSS
2025-01-16 22:00:00+00:00,2025-01-19 22:00:00+00:00,SHORT,1.02978,1.031633604,-0.20000000000001164,LOSS,STOP_LOSS
2025-01-19 22:00:00+00:00,2025-01-20 22:00:00+00:00,SHORT,1.02825,1.0301008500000002,-0.20000000000000684,LOSS,STOP_LOSS
2025-01-21 22:00:00+00:00,2025-01-22 22:00:00+00:00,SHORT,1.04274,1.04156,0.09316339643630808,WIN,TIME_EXIT
2025-01-22 22:00:00+00:00,2025-01-23 22:00:00+00:00,SHORT,1.04125,1.04312425,-0.19999999999999676,LOSS,STOP_LOSS
2025-01-23 22:00:00+00:00,2025-01-26 22:00:00+00:00,SHORT,1.04169,1.043565042,-0.19999999999999934,LOSS,STOP_LOSS
2025-01-26 22:00:00+00:00,2025-01-27 22:00:00+00:00,LONG,1.04808,1.046193456,-0.19999999999999904,LOSS,STOP_LOSS
2025-01-27 22:00:00+00:00,2025-01-28 22:00:00+00:00,LONG,1.04929,1.047401278,-0.20000000000001145,LOSS,STOP_LOSS
2025-01-28 22:00:00+00:00,2025-01-29 22:00:00+00:00,LONG,1.04288,1.041002816,-0.200000000000003,LOSS,STOP_LOSS
2025-01-29 22:00:00+00:00,2025-01-30 22:00:00+00:00,LONG,1.04197,1.0400944540000001,-0.19999999999999518,LOSS,STOP_LOSS
2025-01-30 22:00:00+00:00,2025-02-02 22:00:00+00:00,LONG,1.03954,1.037668828,-0.19999999999999776,LOSS,STOP_LOSS
2025-02-02 22:00:00+00:00,2025-02-03 22:00:00+00:00,LONG,1.02454,1.03788,1.2820477482577457,WIN,TIME_EXIT
2025-02-03 22:00:00+00:00,2025-02-04 22:00:00+00:00,SHORT,1.0338,1.03566084,-0.19999999999999754,LOSS,STOP_LOSS
2025-02-04 22:00:00+00:00,2025-02-05 22:00:00+00:00,LONG,1.03758,1.035712356,-0.2000000000000055,LOSS,STOP_LOSS
2025-02-05 22:00:00+00:00,2025-02-06 22:00:00+00:00,LONG,1.04049,1.038617118,-0.20000000000000193,LOSS,STOP_LOSS
2025-02-06 22:00:00+00:00,2025-02-09 22:00:00+00:00,LONG,1.03858,1.036710556,-0.19999999999999976,LOSS,STOP_LOSS
2025-02-09 22:00:00+00:00,2025-02-10 22:00:00+00:00,SHORT,1.02925,1.03110265,-0.2000000000000011,LOSS,STOP_LOSS
2025-02-10 22:00:00+00:00,2025-02-11 22:00:00+00:00,LONG,1.03092,1.03824,0.6900453963450115,WIN,TIME_EXIT
2025-02-11 22:00:00+00:00,2025-02-12 22:00:00+00:00,LONG,1.03621,1.04648,0.9711118402640392,WIN,TIME_EXIT
2025-02-12 22:00:00+00:00,2025-02-13 22:00:00+00:00,LONG,1.03848,1.0492,1.0122779446883752,WIN,TIME_EXIT
2025-02-13 22:00:00+00:00,2025-02-16 22:00:00+00:00,LONG,1.04639,1.04833,0.16539932529936766,WIN,TIME_EXIT
2025-02-16 22:00:00+00:00,2025-02-17 22:00:00+00:00,LONG,1.04862,1.046732484,-0.20000000000000318,LOSS,STOP_LOSS
2025-02-17 22:00:00+00:00,2025-02-18 22:00:00+00:00,LONG,1.04798,1.046093636,-0.19999999999999749,LOSS,STOP_LOSS
2025-02-18 22:00:00+00:00,2025-02-19 22:00:00+00:00,LONG,1.04465,1.04276963,-0.2000000000000072,LOSS,STOP_LOSS
2025-02-19 22:00:00+00:00,2025-02-20 22:00:00+00:00,LONG,1.04248,1.04608,0.32533036605017124,WIN,TIME_EXIT
2025-02-20 22:00:00+00:00,2025-02-23 22:00:00+00:00,LONG,1.04976,1.047870432,-0.1999999999999955,LOSS,STOP_LOSS
2025-02-23 22:00:00+00:00,2025-02-24 22:00:00+00:00,LONG,1.0469,1.05149,0.418437291049775,WIN,TIME_EXIT
2025-02-24 22:00:00+00:00,2025-02-25 22:00:00+00:00,LONG,1.0469,1.0485,0.1328321711720361,WIN,TIME_EXIT
2025-02-25 22:00:00+00:00,2025-02-26 22:00:00+00:00,LONG,1.05157,1.049677174,-0.19999999999999607,LOSS,STOP_LOSS
2025-02-26 22:00:00+00:00,2025-02-27 22:00:00+00:00,LONG,1.04852,1.0466326639999999,-0.20000000000000165,LOSS,STOP_LOSS
2025-02-27 22:00:00+00:00,2025-03-02 22:00:00+00:00,LONG,1.03998,1.04882,0.8300163464682189,WIN,TIME_EXIT
2025-03-02 22:00:00+00:00,2025-03-03 22:00:00+00:00,LONG,1.04048,1.06258,2.1040196832231284,WIN,TIME_EXIT
2025-03-03 22:00:00+00:00,2025-03-04 22:00:00+00:00,LONG,1.04884,1.07896,2.8517440219671184,WIN,TIME_EXIT
2025-03-04 22:00:00+00:00,2025-03-05 22:00:00+00:00,LONG,1.06229,1.07854,1.5097141082002183,WIN,TIME_EXIT
2025-03-05 22:00:00+00:00,2025-03-06 22:00:00+00:00,LONG,1.07903,1.08345,0.3896271651390685,WIN,TIME_EXIT
2025-03-06 22:00:00+00:00,2025-03-09 21:00:00+00:00,LONG,1.07877,1.08362,0.4295861026910297,WIN,TIME_EXIT
2025-03-09 21:00:00+00:00,2025-03-10 21:00:00+00:00,LONG,1.08302,1.09194,0.803622832449984,WIN,TIME_EXIT
2025-03-10 21:00:00+00:00,2025-03-11 21:00:00+00:00,LONG,1.08341,1.08875,0.47288819560463,WIN,TIME_EXIT
2025-03-11 21:00:00+00:00,2025-03-12 21:00:00+00:00,LONG,1.09202,1.090054364,-0.19999999999999934,LOSS,STOP_LOSS
2025-03-12 21:00:00+00:00,2025-03-13 21:00:00+00:00,LONG,1.08899,1.087029818,-0.1999999999999928,LOSS,STOP_LOSS
2025-03-13 21:00:00+00:00,2025-03-16 21:00:00+00:00,LONG,1.08502,1.09226,0.6472688061049485,WIN,TIME_EXIT
2025-03-16 21:00:00+00:00,2025-03-17 21:00:00+00:00,LONG,1.08812,1.0944,0.5571422269602675,WIN,TIME_EXIT
2025-03-17 21:00:00+00:00,2025-03-18 21:00:00+00:00,LONG,1.09224,1.090273968,-0.20000000000001072,LOSS,STOP_LOSS
2025-03-18 21:00:00+00:00,2025-03-19 21:00:00+00:00,LONG,1.09446,1.0924899719999999,-0.20000000000001128,LOSS,STOP_LOSS
2025-03-19 21:00:00+00:00,2025-03-20 21:00:00+00:00,LONG,1.09032,1.088357424,-0.19999999999999432,LOSS,STOP_LOSS
2025-03-20 21:00:00+00:00,2025-03-23 21:00:00+00:00,LONG,1.08525,1.08329655,-0.20000000000000212,LOSS,STOP_LOSS
2025-03-23 21:00:00+00:00,2025-03-24 21:00:00+00:00,LONG,1.08156,1.079613192,-0.20000000000000204,LOSS,STOP_LOSS
2025-03-24 21:00:00+00:00,2025-03-25 21:00:00+00:00,LONG,1.08013,1.078185766,-0.19999999999999898,LOSS,STOP_LOSS
2025-03-25 21:00:00+00:00,2025-03-26 21:00:00+00:00,LONG,1.0794,1.0774570799999998,-0.2000000000000065,LOSS,STOP_LOSS
2025-03-26 21:00:00+00:00,2025-03-27 21:00:00+00:00,LONG,1.07578,1.08308,0.6585774043020027,WIN,TIME_EXIT
2025-03-27 21:00:00+00:00,2025-03-30 21:00:00+00:00,LONG,1.0799,1.08154,0.13186591351049762,WIN,TIME_EXIT
2025-03-30 21:00:00+00:00,2025-03-31 21:00:00+00:00,LONG,1.08281,1.080860942,-0.20000000000001056,LOSS,STOP_LOSS
2025-03-31 21:00:00+00:00,2025-04-01 21:00:00+00:00,LONG,1.08186,1.079912652,-0.20000000000000653,LOSS,STOP_LOSS
2025-04-01 21:00:00+00:00,2025-04-02 21:00:00+00:00,LONG,1.07919,1.1115657,2.9800000000000004,WIN,TAKE_PROFIT
2025-04-02 21:00:00+00:00,2025-04-03 21:00:00+00:00,LONG,1.08449,1.09645,1.0828225248734402,WIN,TIME_EXIT
2025-04-03 21:00:00+00:00,2025-04-06 21:00:00+00:00,LONG,1.10526,1.1032705319999998,-0.20000000000000953,LOSS,STOP_LOSS
2025-04-06 21:00:00+00:00,2025-04-07 21:00:00+00:00,LONG,1.08926,1.09586,0.5859159429337496,WIN,TIME_EXIT
2025-04-07 21:00:00+00:00,2025-04-08 21:00:00+00:00,LONG,1.09068,1.09484,0.3614134301536602,WIN,TIME_EXIT
2025-04-08 21:00:00+00:00,2025-04-09 21:00:00+00:00,LONG,1.09565,1.12019,2.219766348742756,WIN,TIME_EXIT
2025-04-09 21:00:00+00:00,2025-04-10 21:00:00+00:00,LONG,1.09513,1.1279839,2.9800000000000098,WIN,TAKE_PROFIT
2025-04-10 21:00:00+00:00,2025-04-13 21:00:00+00:00,LONG,1.11947,1.13493,1.3610106568286806,WIN,TIME_EXIT
2025-04-13 21:00:00+00:00,2025-04-14 21:00:00+00:00,LONG,1.13214,1.130102148,-0.19999999999999568,LOSS,STOP_LOSS
2025-04-14 21:00:00+00:00,2025-04-15 21:00:00+00:00,LONG,1.13479,1.132747378,-0.20000000000000434,LOSS,STOP_LOSS
2025-04-15 21:00:00+00:00,2025-04-16 21:00:00+00:00,LONG,1.12832,1.13646,0.7014265456608086,WIN,TIME_EXIT
2025-04-16 21:00:00+00:00,2025-04-17 21:00:00+00:00,LONG,1.13994,1.1378881079999998,-0.2000000000000097,LOSS,STOP_LOSS
2025-04-17 21:00:00+00:00,2025-04-20 21:00:00+00:00,LONG,1.13673,1.15127,1.2591076157046965,WIN,TIME_EXIT
2025-04-20 21:00:00+00:00,2025-04-21 21:00:00+00:00,LONG,1.13973,1.14209,0.1870665859458065,WIN,TIME_EXIT
2025-04-21 21:00:00+00:00,2025-04-22 21:00:00+00:00,LONG,1.15135,1.14927757,-0.20000000000001084,LOSS,STOP_LOSS
2025-04-22 21:00:00+00:00,2025-04-23 21:00:00+00:00,LONG,1.14234,1.1402837879999999,-0.200000000000005,LOSS,STOP_LOSS
2025-04-23 21:00:00+00:00,2025-04-24 21:00:00+00:00,LONG,1.13192,1.13636,0.37225386953141554,WIN,TIME_EXIT
2025-04-24 21:00:00+00:00,2025-04-27 21:00:00+00:00,LONG,1.13864,1.136590448,-0.2000000000000106,LOSS,STOP_LOSS
2025-04-27 21:00:00+00:00,2025-04-28 21:00:00+00:00,LONG,1.13658,1.13846,0.14540850622042478,WIN,TIME_EXIT
2025-04-28 21:00:00+00:00,2025-04-29 21:00:00+00:00,LONG,1.14221,1.140154022,-0.20000000000000123,LOSS,STOP_LOSS
2025-04-29 21:00:00+00:00,2025-04-30 21:00:00+00:00,LONG,1.13881,1.136760142,-0.20000000000001109,LOSS,STOP_LOSS
2025-04-30 21:00:00+00:00,2025-05-01 21:00:00+00:00,LONG,1.13293,1.130890726,-0.1999999999999933,LOSS,STOP_LOSS
2025-05-01 21:00:00+00:00,2025-05-04 21:00:00+00:00,LONG,1.129,1.1315,0.20143489813994217,WIN,TIME_EXIT
2025-05-04 21:00:00+00:00,2025-05-05 21:00:00+00:00,LONG,1.13062,1.128584884,-0.2000000000000052,LOSS,STOP_LOSS
2025-05-05 21:00:00+00:00,2025-05-06 21:00:00+00:00,LONG,1.13146,1.129423372,-0.19999999999999377,LOSS,STOP_LOSS
2025-05-06 21:00:00+00:00,2025-05-07 21:00:00+00:00,LONG,1.13697,1.134923454,-0.2000000000000082,LOSS,STOP_LOSS
2025-05-07 21:00:00+00:00,2025-05-08 21:00:00+00:00,LONG,1.13082,1.1287845239999998,-0.2000000000000081,LOSS,STOP_LOSS
2025-05-08 21:00:00+00:00,2025-05-11 21:00:00+00:00,LONG,1.12252,1.120499464,-0.20000000000000648,LOSS,STOP_LOSS
2025-05-11 21:00:00+00:00,2025-05-12 21:00:00+00:00,LONG,1.12019,1.118173658,-0.20000000000001028,LOSS,STOP_LOSS
2025-05-12 21:00:00+00:00,2025-05-13 21:00:00+00:00,LONG,1.10918,1.1173,0.712072341729918,WIN,TIME_EXIT
2025-05-13 21:00:00+00:00,2025-05-14 21:00:00+00:00,LONG,1.11866,1.11863,-0.022681779986767604,LOSS,TIME_EXIT
2025-05-14 21:00:00+00:00,2025-05-15 21:00:00+00:00,LONG,1.11799,1.115977618,-0.19999999999999812,LOSS,STOP_LOSS
2025-05-15 21:00:00+00:00,2025-05-18 21:00:00+00:00,LONG,1.11904,1.1242,0.4411095224478172,WIN,TIME_EXIT
2025-05-18 21:00:00+00:00,2025-05-19 21:00:00+00:00,LONG,1.11788,1.12837,0.9183833685189922,WIN,TIME_EXIT
2025-05-19 21:00:00+00:00,2025-05-20 21:00:00+00:00,LONG,1.1241,1.13312,0.7824197135485994,WIN,TIME_EXIT
2025-05-20 21:00:00+00:00,2025-05-21 21:00:00+00:00,LONG,1.12828,1.126249096,-0.1999999999999951,LOSS,STOP_LOSS
2025-05-21 21:00:00+00:00,2025-05-22 21:00:00+00:00,LONG,1.13299,1.130950618,-0.1999999999999981,LOSS,STOP_LOSS
2025-05-22 21:00:00+00:00,2025-05-25 21:00:00+00:00,LONG,1.12807,1.13878,0.929409167870788,WIN,TIME_EXIT
2025-05-25 21:00:00+00:00,2025-05-26 21:00:00+00:00,LONG,1.13672,1.134673904,-0.19999999999999488,LOSS,STOP_LOSS
2025-05-26 21:00:00+00:00,2025-05-27 21:00:00+00:00,LONG,1.13856,1.136510592,-0.19999999999999776,LOSS,STOP_LOSS
2025-05-27 21:00:00+00:00,2025-05-28 21:00:00+00:00,LONG,1.13326,1.131220132,-0.20000000000000004,LOSS,STOP_LOSS
2025-05-28 21:00:00+00:00,2025-05-29 21:00:00+00:00,LONG,1.12938,1.13478,0.4581384476438266,WIN,TIME_EXIT
2025-05-29 21:00:00+00:00,2025-06-01 21:00:00+00:00,LONG,1.13718,1.135133076,-0.20000000000000534,LOSS,STOP_LOSS
2025-06-01 21:00:00+00:00,2025-06-02 21:00:00+00:00,LONG,1.13491,1.13704,0.1676800803587919,WIN,TIME_EXIT
2025-06-02 21:00:00+00:00,2025-06-03 21:00:00+00:00,LONG,1.14404,1.1419807279999998,-0.20000000000000978,LOSS,STOP_LOSS
2025-06-03 21:00:00+00:00,2025-06-04 21:00:00+00:00,LONG,1.13731,1.14444,0.6069179027705602,WIN,TIME_EXIT
2025-06-04 21:00:00+00:00,2025-06-05 21:00:00+00:00,LONG,1.14171,1.139654922,-0.19999999999999407,LOSS,STOP_LOSS
2025-06-05 21:00:00+00:00,2025-06-08 21:00:00+00:00,LONG,1.14456,1.142499792,-0.2000000000000055,LOSS,STOP_LOSS
2025-06-08 21:00:00+00:00,2025-06-09 21:00:00+00:00,LONG,1.13992,1.137868144,-0.20000000000000162,LOSS,STOP_LOSS
2025-06-09 21:00:00+00:00,2025-06-10 21:00:00+00:00,LONG,1.14224,1.1488,0.5543101274688438,WIN,TIME_EXIT
2025-06-10 21:00:00+00:00,2025-06-11 21:00:00+00:00,LONG,1.14266,1.1585,1.3662391262492846,WIN,TIME_EXIT
2025-06-11 21:00:00+00:00,2025-06-12 21:00:00+00:00,LONG,1.14861,1.1551,0.54503077632966,WIN,TIME_EXIT
2025-06-12 21:00:00+00:00,2025-06-15 21:00:00+00:00,LONG,1.15848,1.156394736,-0.19999999999999787,LOSS,STOP_LOSS
2025-06-15 21:00:00+00:00,2025-06-16 21:00:00+00:00,LONG,1.15332,1.151244024,-0.19999999999999823,LOSS,STOP_LOSS
2025-06-16 21:00:00+00:00,2025-06-17 21:00:00+00:00,LONG,1.15653,1.154448246,-0.19999999999999923,LOSS,STOP_LOSS
2025-06-17 21:00:00+00:00,2025-06-18 21:00:00+00:00,LONG,1.14813,1.1460633660000001,-0.19999999999999615,LOSS,STOP_LOSS
2025-06-18 21:00:00+00:00,2025-06-19 21:00:00+00:00,LONG,1.14794,1.15222,0.3528417861560762,WIN,TIME_EXIT
2025-06-19 21:00:00+00:00,2025-06-22 21:00:00+00:00,LONG,1.14941,1.147341062,-0.20000000000000656,LOSS,STOP_LOSS
2025-06-22 21:00:00+00:00,2025-06-23 21:00:00+00:00,LONG,1.1457,1.16084,1.3014628611329453,WIN,TIME_EXIT
2025-06-23 21:00:00+00:00,2025-06-24 21:00:00+00:00,LONG,1.15786,1.16598,0.6812937660857209,WIN,TIME_EXIT
2025-06-24 21:00:00+00:00,2025-06-25 21:00:00+00:00,LONG,1.16114,1.17016,0.7568227776151047,WIN,TIME_EXIT
2025-06-25 21:00:00+00:00,2025-06-26 21:00:00+00:00,LONG,1.1658,1.17185,0.49895693944073694,WIN,TIME_EXIT
2025-06-26 21:00:00+00:00,2025-06-29 21:00:00+00:00,LONG,1.16998,1.1788,0.7338590403254799,WIN,TIME_EXIT
2025-06-29 21:00:00+00:00,2025-06-30 21:00:00+00:00,LONG,1.1731,1.18058,0.6176268007842409,WIN,TIME_EXIT
2025-06-30 21:00:00+00:00,2025-07-01 21:00:00+00:00,LONG,1.17847,1.176348754,-0.19999999999999707,LOSS,STOP_LOSS
2025-07-01 21:00:00+00:00,2025-07-02 21:00:00+00:00,LONG,1.18024,1.178115568,-0.2000000000000008,LOSS,STOP_LOSS
2025-07-02 21:00:00+00:00,2025-07-03 21:00:00+00:00,LONG,1.17967,1.177546594,-0.1999999999999948,LOSS,STOP_LOSS
2025-07-03 21:00:00+00:00,2025-07-06 21:00:00+00:00,LONG,1.17596,1.1738432719999998,-0.20000000000000576,LOSS,STOP_LOSS
2025-07-06 21:00:00+00:00,2025-07-07 21:00:00+00:00,LONG,1.17857,1.176448574,-0.19999999999999846,LOSS,STOP_LOSS
2025-07-07 21:00:00+00:00,2025-07-08 21:00:00+00:00,LONG,1.17096,1.17218,0.08418801667008256,WIN,TIME_EXIT
2025-07-08 21:00:00+00:00,2025-07-09 21:00:00+00:00,LONG,1.17211,1.170000202,-0.19999999999999965,LOSS,STOP_LOSS
2025-07-09 21:00:00+00:00,2025-07-10 21:00:00+00:00,LONG,1.17188,1.169770616,-0.19999999999999457,LOSS,STOP_LOSS
2025-07-10 21:00:00+00:00,2025-07-13 21:00:00+00:00,LONG,1.1699,1.16779418,-0.1999999999999936,LOSS,STOP_LOSS
2025-07-13 21:00:00+00:00,2025-07-14 21:00:00+00:00,LONG,1.16702,1.164919364,-0.19999999999999904,LOSS,STOP_LOSS
2025-07-14 21:00:00+00:00,2025-07-15 21:00:00+00:00,LONG,1.1665,1.1644003,-0.2000000000000032,LOSS,STOP_LOSS
2025-07-15 21:00:00+00:00,2025-07-16 21:00:00+00:00,LONG,1.15998,1.157892036,-0.1999999999999998,LOSS,STOP_LOSS
2025-07-16 21:00:00+00:00,2025-07-17 21:00:00+00:00,LONG,1.16372,1.161625304,-0.20000000000001011,LOSS,STOP_LOSS
2025-07-17 21:00:00+00:00,2025-07-20 21:00:00+00:00,LONG,1.1594,1.16956,0.856315335518367,WIN,TIME_EXIT
2025-07-20 21:00:00+00:00,2025-07-21 21:00:00+00:00,LONG,1.16297,1.17544,1.0522546583316834,WIN,TIME_EXIT
2025-07-21 21:00:00+00:00,2025-07-22 21:00:00+00:00,LONG,1.16928,1.1773,0.6658921729611312,WIN,TIME_EXIT
2025-07-22 21:00:00+00:00,2025-07-23 21:00:00+00:00,LONG,1.17544,1.173324208,-0.20000000000000986,LOSS,STOP_LOSS
2025-07-23 21:00:00+00:00,2025-07-24 21:00:00+00:00,LONG,1.17702,1.174901364,-0.2000000000000053,LOSS,STOP_LOSS
2025-07-24 21:00:00+00:00,2025-07-27 21:00:00+00:00,LONG,1.17394,1.171826908,-0.200000000000008,LOSS,STOP_LOSS
2025-07-27 21:00:00+00:00,2025-07-28 21:00:00+00:00,LONG,1.17558,1.173463956,-0.20000000000000803,LOSS,STOP_LOSS
2025-07-28 21:00:00+00:00,2025-07-29 21:00:00+00:00,LONG,1.15912,1.157033584,-0.20000000000000304,LOSS,STOP_LOSS
2025-07-29 21:00:00+00:00,2025-07-30 21:00:00+00:00,LONG,1.15474,1.152661468,-0.20000000000000667,LOSS,STOP_LOSS
2025-07-30 21:00:00+00:00,2025-07-31 21:00:00+00:00,LONG,1.14066,1.15874,1.5650472533445632,WIN,TIME_EXIT
2025-07-31 21:00:00+00:00,2025-08-03 21:00:00+00:00,LONG,1.14172,1.15726,1.3411042987772734,WIN,TIME_EXIT
2025-08-03 21:00:00+00:00,2025-08-04 21:00:00+00:00,LONG,1.15924,1.1571533680000001,-0.1999999999999932,LOSS,STOP_LOSS
2025-08-04 21:00:00+00:00,2025-08-05 21:00:00+00:00,LONG,1.15704,1.16602,0.7561183710156941,WIN,TIME_EXIT
2025-08-05 21:00:00+00:00,2025-08-06 21:00:00+00:00,LONG,1.15742,1.1664,0.7558635586045006,WIN,TIME_EXIT
2025-08-06 21:00:00+00:00,2025-08-07 21:00:00+00:00,LONG,1.16577,1.1636716139999999,-0.20000000000001017,LOSS,STOP_LOSS
2025-08-07 21:00:00+00:00,2025-08-10 21:00:00+00:00,LONG,1.16654,1.164440228,-0.19999999999999998,LOSS,STOP_LOSS
2025-08-10 21:00:00+00:00,2025-08-11 21:00:00+00:00,LONG,1.16496,1.162863072,-0.2000000000000046,LOSS,STOP_LOSS
2025-08-11 21:00:00+00:00,2025-08-12 21:00:00+00:00,LONG,1.16147,1.17049,0.7566020646250035,WIN,TIME_EXIT
2025-08-12 21:00:00+00:00,2025-08-13 21:00:00+00:00,LONG,1.16804,1.165937528,-0.20000000000000187,LOSS,STOP_LOSS
2025-08-13 21:00:00+00:00,2025-08-14 21:00:00+00:00,LONG,1.17058,1.168472956,-0.19999999999999546,LOSS,STOP_LOSS
2025-08-14 21:00:00+00:00,2025-08-17 21:00:00+00:00,LONG,1.16502,1.16612,0.07441897993168366,WIN,TIME_EXIT
2025-08-17 21:00:00+00:00,2025-08-18 21:00:00+00:00,LONG,1.17133,1.169221606,-0.1999999999999964,LOSS,STOP_LOSS
2025-08-18 21:00:00+00:00,2025-08-19 21:00:00+00:00,LONG,1.16617,1.164070894,-0.1999999999999967,LOSS,STOP_LOSS
2025-08-19 21:00:00+00:00,2025-08-20 21:00:00+00:00,LONG,1.16482,1.162723324,-0.20000000000000645,LOSS,STOP_LOSS
2025-08-20 21:00:00+00:00,2025-08-21 21:00:00+00:00,LONG,1.16531,1.163212442,-0.19999999999999993,LOSS,STOP_LOSS
2025-08-21 21:00:00+00:00,2025-08-24 21:00:00+00:00,LONG,1.16066,1.16204,0.09889786845414994,WIN,TIME_EXIT
2025-08-24 21:00:00+00:00,2025-08-25 21:00:00+00:00,LONG,1.17236,1.1702497520000001,-0.19999999999999366,LOSS,STOP_LOSS
2025-08-25 21:00:00+00:00,2025-08-26 21:00:00+00:00,LONG,1.16189,1.159798598,-0.2000000000000017,LOSS,STOP_LOSS
2025-08-26 21:00:00+00:00,2025-08-27 21:00:00+00:00,LONG,1.16457,1.16825,0.2959964622135127,WIN,TIME_EXIT
2025-08-27 21:00:00+00:00,2025-08-28 21:00:00+00:00,LONG,1.16376,1.16858,0.394174743933461,WIN,TIME_EXIT
2025-08-28 21:00:00+00:00,2025-08-31 21:00:00+00:00,LONG,1.16824,1.17114,0.22823666369925058,WIN,TIME_EXIT
2025-08-31 21:00:00+00:00,2025-09-01 21:00:00+00:00,LONG,1.1696,1.1674947199999999,-0.2000000000000084,LOSS,STOP_LOSS
2025-09-01 21:00:00+00:00,2025-09-02 21:00:00+00:00,LONG,1.17094,1.168832308,-0.20000000000000423,LOSS,STOP_LOSS
2025-09-02 21:00:00+00:00,2025-09-03 21:00:00+00:00,LONG,1.16422,1.16507,0.05301025579358003,WIN,TIME_EXIT
2025-09-03 21:00:00+00:00,2025-09-04 21:00:00+00:00,LONG,1.16618,1.1718,0.46191531324495005,WIN,TIME_EXIT
2025-09-04 21:00:00+00:00,2025-09-07 21:00:00+00:00,LONG,1.16494,1.17633,0.9577327587686929,WIN,TIME_EXIT
2025-09-07 21:00:00+00:00,2025-09-08 21:00:00+00:00,LONG,1.1714,1.1711,-0.04561038074099086,LOSS,TIME_EXIT
2025-09-08 21:00:00+00:00,2025-09-09 21:00:00+00:00,LONG,1.17619,1.174072858,-0.2000000000000108,LOSS,STOP_LOSS
2025-09-09 21:00:00+00:00,2025-09-10 21:00:00+00:00,LONG,1.17096,1.168852272,-0.19999999999999316,LOSS,STOP_LOSS
2025-09-10 21:00:00+00:00,2025-09-11 21:00:00+00:00,LONG,1.16954,1.17352,0.320304735195023,WIN,TIME_EXIT
2025-09-11 21:00:00+00:00,2025-09-14 21:00:00+00:00,LONG,1.17333,1.17609,0.21522794098847686,WIN,TIME_EXIT
2025-09-14 21:00:00+00:00,2025-09-15 21:00:00+00:00,LONG,1.17331,1.18668,1.1195112970996481,WIN,TIME_EXIT
2025-09-15 21:00:00+00:00,2025-09-16 21:00:00+00:00,LONG,1.17634,1.18126,0.3982464253532172,WIN,TIME_EXIT
2025-09-16 21:00:00+00:00,2025-09-17 21:00:00+00:00,LONG,1.18606,1.183925092,-0.19999999999999457,LOSS,STOP_LOSS
2025-09-17 21:00:00+00:00,2025-09-18 21:00:00+00:00,LONG,1.18127,1.179143714,-0.19999999999999807,LOSS,STOP_LOSS
2025-09-18 21:00:00+00:00,2025-09-21 21:00:00+00:00,LONG,1.17889,1.1767679979999999,-0.2000000000000104,LOSS,STOP_LOSS
2025-09-21 21:00:00+00:00,2025-09-22 21:00:00+00:00,LONG,1.17385,1.18148,0.6299978702559974,WIN,TIME_EXIT
2025-09-22 21:00:00+00:00,2025-09-23 21:00:00+00:00,LONG,1.1798,1.17767636,-0.19999999999999848,LOSS,STOP_LOSS
2025-09-23 21:00:00+00:00,2025-09-24 21:00:00+00:00,LONG,1.18139,1.1792634979999999,-0.20000000000000726,LOSS,STOP_LOSS
2025-09-24 21:00:00+00:00,2025-09-25 21:00:00+00:00,LONG,1.17395,1.17183689,-0.20000000000000245,LOSS,STOP_LOSS
2025-09-25 21:00:00+00:00,2025-09-28 21:00:00+00:00,LONG,1.16615,1.17267,0.5391047463876929,WIN,TIME_EXIT
2025-09-28 21:00:00+00:00,2025-09-29 21:00:00+00:00,LONG,1.1703,1.17336,0.24147141758523996,WIN,TIME_EXIT
2025-09-29 21:00:00+00:00,2025-09-30 21:00:00+00:00,LONG,1.1727,1.17312,0.015814786390369654,WIN,TIME_EXIT
2025-09-30 21:00:00+00:00,2025-10-01 21:00:00+00:00,LONG,1.17356,1.1714475919999998,-0.2000000000000103,LOSS,STOP_LOSS
2025-10-01 21:00:00+00:00,2025-10-02 21:00:00+00:00,LONG,1.17308,1.17429,0.08314727043340228,WIN,TIME_EXIT
2025-10-02 21:00:00+00:00,2025-10-05 21:00:00+00:00,LONG,1.17146,1.169351372,-0.20000000000000012,LOSS,STOP_LOSS
2025-10-05 21:00:00+00:00,2025-10-06 21:00:00+00:00,LONG,1.17266,1.170549212,-0.19999999999999782,LOSS,STOP_LOSS
2025-10-06 21:00:00+00:00,2025-10-07 21:00:00+00:00,LONG,1.17102,1.168912164,-0.19999999999999776,LOSS,STOP_LOSS
2025-10-07 21:00:00+00:00,2025-10-08 21:00:00+00:00,LONG,1.16568,1.163581776,-0.2000000000000032,LOSS,STOP_LOSS
2025-10-08 21:00:00+00:00,2025-10-09 21:00:00+00:00,LONG,1.1627,1.16060714,-0.2000000000000073,LOSS,STOP_LOSS
2025-10-09 21:00:00+00:00,2025-10-12 21:00:00+00:00,LONG,1.1561,1.15707,0.06390277657643262,WIN,TIME_EXIT
2025-10-12 21:00:00+00:00,2025-10-13 21:00:00+00:00,LONG,1.16114,1.159049948,-0.20000000000000073,LOSS,STOP_LOSS
2025-10-13 21:00:00+00:00,2025-10-14 21:00:00+00:00,LONG,1.15704,1.16466,0.6385770587015107,WIN,TIME_EXIT
2025-10-14 21:00:00+00:00,2025-10-15 21:00:00+00:00,LONG,1.16078,1.16877,0.6683302606867937,WIN,TIME_EXIT
2025-10-15 21:00:00+00:00,2025-10-16 21:00:00+00:00,LONG,1.16458,1.16511,0.025509969259315934,WIN,TIME_EXIT
2025-10-16 21:00:00+00:00,2025-10-19 21:00:00+00:00,LONG,1.16857,1.166466574,-0.20000000000001114,LOSS,STOP_LOSS
2025-10-19 21:00:00+00:00,2025-10-20 21:00:00+00:00,LONG,1.1667,1.16459994,-0.20000000000000598,LOSS,STOP_LOSS
2025-10-20 21:00:00+00:00,2025-10-21 21:00:00+00:00,LONG,1.16426,1.1621643320000001,-0.1999999999999948,LOSS,STOP_LOSS
2025-10-21 21:00:00+00:00,2025-10-22 21:00:00+00:00,LONG,1.15998,1.16181,0.13776134071277077,WIN,TIME_EXIT
2025-10-22 21:00:00+00:00,2025-10-23 21:00:00+00:00,LONG,1.16124,1.16254,0.09194929558057394,WIN,TIME_EXIT
2025-10-23 21:00:00+00:00,2025-10-26 21:00:00+00:00,LONG,1.16168,1.1645,0.22275187659252504,WIN,TIME_EXIT
2025-10-26 21:00:00+00:00,2025-10-27 21:00:00+00:00,LONG,1.16358,1.16522,0.12094432699082693,WIN,TIME_EXIT
2025-10-27 21:00:00+00:00,2025-10-28 21:00:00+00:00,LONG,1.16456,1.162463792,-0.19999999999999898,LOSS,STOP_LOSS
2025-10-28 21:00:00+00:00,2025-10-29 21:00:00+00:00,LONG,1.1651,1.16300282,-0.2000000000000027,LOSS,STOP_LOSS
2025-10-29 21:00:00+00:00,2025-10-30 21:00:00+00:00,LONG,1.1601,1.1580118199999998,-0.20000000000000917,LOSS,STOP_LOSS
2025-10-30 21:00:00+00:00,2025-11-02 22:00:00+00:00,LONG,1.15673,1.154647886,-0.20000000000000204,LOSS,STOP_LOSS
2025-11-04 22:00:00+00:00,2025-11-05 22:00:00+00:00,SHORT,1.14834,1.1504070119999998,-0.19999999999999335,LOSS,STOP_LOSS
2025-11-06 22:00:00+00:00,2025-11-09 22:00:00+00:00,LONG,1.1545,1.15571,0.08480727587699725,WIN,TIME_EXIT
2025-11-09 22:00:00+00:00,2025-11-10 22:00:00+00:00,LONG,1.15578,1.15825,0.1937084912353538,WIN,TIME_EXIT
2025-11-11 22:00:00+00:00,2025-11-12 22:00:00+00:00,LONG,1.1587,1.16345,0.3899421765772013,WIN,TIME_EXIT
2025-11-12 22:00:00+00:00,2025-11-13 22:00:00+00:00,LONG,1.1593,1.1622,0.2301509531613821,WIN,TIME_EXIT
2025-11-13 22:00:00+00:00,2025-11-16 22:00:00+00:00,LONG,1.16372,1.161625304,-0.20000000000001011,LOSS,STOP_LOSS
2025-11-16 22:00:00+00:00,2025-11-17 22:00:00+00:00,LONG,1.16199,1.159898418,-0.20000000000000312,LOSS,STOP_LOSS
2025-11-17 22:00:00+00:00,2025-11-18 22:00:00+00:00,SHORT,1.15923,1.15384,0.4449638121856755,WIN,TIME_EXIT
2025-11-19 22:00:00+00:00,2025-11-20 22:00:00+00:00,SHORT,1.1539,1.1513,0.2053228182684753,WIN,TIME_EXIT
