date,pair,atr_pct,direction,entry_price,exit_price,net_return_pct,exit_reason
2022-03-29 21:00:00+00:00,USDJPY,1.0747644922013329,LONG,122.866,122.6448412,-0.19999999999999815,Stop Loss
2022-03-30 21:00:00+00:00,USDJPY,1.0712700995203581,LONG,121.855,121.635661,-0.20000000000000412,Stop Loss
2022-03-31 21:00:00+00:00,USDJPY,1.0886795971652363,LONG,121.686,122.56,0.6982420327728704,Time
2022-04-03 21:00:00+00:00,USDJPY,1.0832101839676977,LONG,122.626,122.4052732,-0.20000000000000687,Stop Loss
2022-04-04 21:00:00+00:00,USDJPY,1.0958560541091555,LONG,122.792,122.5709744,-0.20000000000000354,Stop Loss
2022-04-05 21:00:00+00:00,USDJPY,1.0881243386029658,LONG,123.588,123.791,0.14425542932971078,Time
2022-04-06 21:00:00+00:00,USDJPY,1.0639474657574481,LONG,123.802,123.5791564,-0.2000000000000036,Stop Loss
2022-04-07 21:00:00+00:00,USDJPY,1.0954043703536813,LONG,123.968,123.7448576,-0.20000000000000032,Stop Loss
2022-04-10 21:00:00+00:00,USDJPY,1.091758776336984,LONG,124.071,125.394,1.0463249268564028,Time
2022-04-11 21:00:00+00:00,USDJPY,1.1016703920670603,LONG,125.375,125.14932499999999,-0.20000000000000767,Stop Loss
2022-04-12 21:00:00+00:00,USDJPY,1.0718605899098654,LONG,125.356,125.656,0.21931842113661204,Time
2022-04-13 21:00:00+00:00,USDJPY,1.0515816277898051,LONG,125.619,125.3928858,-0.19999999999999826,Stop Loss
2022-04-14 21:00:00+00:00,AUDUSD,0.9278219076466603,LONG,0.74176,0.740424832,-0.19999999999999968,Stop Loss
2022-04-17 21:00:00+00:00,AUDUSD,0.9314193213639587,LONG,0.73925,0.73791935,-0.19999999999999848,Stop Loss
2022-04-18 21:00:00+00:00,AUDUSD,0.9478815249766651,LONG,0.73492,0.73766,0.3528296957491924,Time
2022-04-19 21:00:00+00:00,AUDUSD,0.9677691464153447,LONG,0.73756,0.74516,1.0104246434188475,Time
2022-04-20 21:00:00+00:00,AUDUSD,1.0187604677129225,LONG,0.74496,0.743619072,-0.1999999999999951,Stop Loss
2022-04-21 21:00:00+00:00,AUDUSD,1.1062274095940094,LONG,0.73726,0.735932932,-0.20000000000000573,Stop Loss
2022-04-25 21:00:00+00:00,AUDUSD,1.122404571043507,SHORT,0.7179,0.71919222,-0.2000000000000092,Stop Loss
2022-04-26 21:00:00+00:00,AUDUSD,1.1588401776694517,SHORT,0.71227,0.713552086,-0.2000000000000022,Stop Loss
2022-04-27 21:00:00+00:00,AUDUSD,1.2044967880085655,SHORT,0.71252,0.7138025360000001,-0.20000000000000787,Stop Loss
2022-04-28 21:00:00+00:00,AUDUSD,1.2797661197321304,SHORT,0.70978,0.711057604,-0.19999999999999826,Stop Loss
2022-05-01 21:00:00+00:00,AUDUSD,1.2390298453035986,SHORT,0.70707,0.70516,0.2501288415574084,Time
2022-05-02 21:00:00+00:00,AUDUSD,1.2495419051109289,SHORT,0.70501,0.706279018,-0.2000000000000015,Stop Loss
2022-05-03 21:00:00+00:00,AUDUSD,1.3254674819956929,SHORT,0.70958,0.710857244,-0.20000000000000934,Stop Loss
2022-05-04 21:00:00+00:00,AUDUSD,1.5112052692879223,SHORT,0.72588,0.7113624,1.9800000000000026,Take Profit
2022-05-05 21:00:00+00:00,AUDUSD,1.53524089453773,SHORT,0.7112,0.71248016,-0.1999999999999964,Stop Loss
2022-05-08 21:00:00+00:00,AUDUSD,1.6428550865894307,SHORT,0.70688,0.69474,1.6974060660932448,Time
2022-05-09 21:00:00+00:00,AUDUSD,1.6348849559708007,SHORT,0.69503,0.6962810540000001,-0.2000000000000042,Stop Loss
2022-05-10 21:00:00+00:00,AUDUSD,1.6683339714376264,SHORT,0.69386,0.695108948,-0.19999999999999596,Stop Loss
2022-05-11 21:00:00+00:00,AUDUSD,1.668278328428878,SHORT,0.69371,0.6949586780000001,-0.20000000000000842,Stop Loss
2022-05-12 21:00:00+00:00,AUDUSD,1.6139392304889248,SHORT,0.6857,0.68693426,-0.2000000000000062,Stop Loss
2022-05-15 21:00:00+00:00,AUDUSD,1.6071838515020305,SHORT,0.69277,0.6940169860000001,-0.20000000000000878,Stop Loss
2022-05-16 21:00:00+00:00,AUDUSD,1.5761024182076797,SHORT,0.697,0.6982546,-0.19999999999999923,Stop Loss
2022-05-17 21:00:00+00:00,AUDUSD,1.5829527220129944,SHORT,0.70282,0.704085076,-0.2000000000000045,Stop Loss
2022-05-18 21:00:00+00:00,AUDUSD,1.5615339237822223,SHORT,0.6954,0.6966517200000001,-0.20000000000000964,Stop Loss
2022-05-19 21:00:00+00:00,AUDUSD,1.5813430112323088,SHORT,0.70518,0.706449324,-0.20000000000000226,Stop Loss
2022-05-22 21:00:00+00:00,AUDUSD,1.5490122008069547,SHORT,0.70525,0.70651945,-0.20000000000000073,Stop Loss
2022-05-23 21:00:00+00:00,AUDUSD,1.4279885760913889,SHORT,0.71074,0.71079,-0.027034921349578536,Time
2022-05-24 21:00:00+00:00,AUDUSD,1.3255991599365504,SHORT,0.71062,0.711899116,-0.19999999999999563,Stop Loss
2022-05-25 21:00:00+00:00,AUDUSD,1.2991769464512093,SHORT,0.70881,0.710085858,-0.19999999999999477,Stop Loss
2022-05-26 21:00:00+00:00,AUDUSD,1.2342033542558661,SHORT,0.70964,0.7109173520000001,-0.20000000000000132,Stop Loss
2022-05-29 21:00:00+00:00,AUDUSD,1.2003342476846797,SHORT,0.71612,0.717409016,-0.19999999999999668,Stop Loss
2022-05-30 21:00:00+00:00,AUDUSD,1.1324029674570995,SHORT,0.71976,0.71769,0.26759586528841633,Time
2022-05-31 21:00:00+00:00,AUDUSD,1.0832254853160772,SHORT,0.71759,0.7188816619999999,-0.199999999999996,Stop Loss
2022-06-01 21:00:00+00:00,AUDUSD,1.1109472690810434,SHORT,0.71748,0.718771464,-0.20000000000000276,Stop Loss
2022-06-02 21:00:00+00:00,AUDUSD,1.0907826045593465,SHORT,0.72653,0.7278377540000001,-0.20000000000000684,Stop Loss
2022-06-05 21:00:00+00:00,AUDUSD,1.0650000496410945,SHORT,0.72141,0.722708538,-0.20000000000000218,Stop Loss
2022-06-06 21:00:00+00:00,AUDUSD,1.053679581846844,SHORT,0.71938,0.720674884,-0.19999999999999946,Stop Loss
2022-06-07 21:00:00+00:00,AUDUSD,0.9988676321592477,SHORT,0.72323,0.7191,0.5510493204098389,Time
2022-06-08 21:00:00+00:00,AUDUSD,1.0465654694797875,SHORT,0.71906,0.7096,1.2956064862459353,Time
2022-06-09 21:00:00+00:00,AUDUSD,1.0720269025916875,SHORT,0.70968,0.710957424,-0.199999999999996,Stop Loss
2022-06-12 21:00:00+00:00,AUDUSD,1.1851816707853908,SHORT,0.70392,0.705187056,-0.19999999999999837,Stop Loss
2022-06-13 21:00:00+00:00,AUDUSD,1.2323336063767423,SHORT,0.6924,0.69364632,-0.20000000000000331,Stop Loss
2022-06-14 21:00:00+00:00,AUDUSD,1.3119034021375549,SHORT,0.68718,0.688416924,-0.199999999999996,Stop Loss
2022-06-15 21:00:00+00:00,AUDUSD,1.3521920811902954,SHORT,0.70034,0.701600612,-0.20000000000000712,Stop Loss
2022-06-16 21:00:00+00:00,AUDUSD,1.4842715214735813,SHORT,0.70474,0.6906452000000001,1.9799999999999944,Take Profit
2022-06-19 21:00:00+00:00,AUDUSD,1.5003041087558664,SHORT,0.69227,0.693516086,-0.19999999999999704,Stop Loss
2022-06-20 21:00:00+00:00,AUDUSD,1.4800191776555724,SHORT,0.69522,0.696471396,-0.20000000000000226,Stop Loss
2022-06-21 21:00:00+00:00,AUDUSD,1.4510959022784364,SHORT,0.69726,0.69258,0.6511986920230642,Time
2022-06-22 21:00:00+00:00,AUDUSD,1.4347463913766016,SHORT,0.69252,0.68942,0.4276405013573603,Time
2022-06-23 21:00:00+00:00,AUDUSD,1.450062992515006,SHORT,0.6895,0.6907411,-0.19999999999999926,Stop Loss
2022-06-26 21:00:00+00:00,AUDUSD,1.412727752838657,SHORT,0.69441,0.695659938,-0.20000000000000887,Stop Loss
2022-06-27 21:00:00+00:00,AUDUSD,1.4177515821180806,SHORT,0.69248,0.693726464,-0.2000000000000084,Stop Loss
2022-06-28 21:00:00+00:00,AUDUSD,1.3741215755984884,SHORT,0.69067,0.6919132060000001,-0.20000000000000756,Stop Loss
2022-06-29 21:00:00+00:00,AUDUSD,1.3328588394486451,SHORT,0.68788,0.689118184,-0.19999999999999643,Stop Loss
2022-06-30 21:00:00+00:00,AUDUSD,1.3423901880813307,SHORT,0.69028,0.6764744,1.9799999999999962,Take Profit
2022-07-03 21:00:00+00:00,AUDUSD,1.306939964623864,SHORT,0.68134,0.682566412,-0.20000000000000964,Stop Loss
2022-07-04 21:00:00+00:00,AUDUSD,1.2987012987012945,SHORT,0.68656,0.687795808,-0.20000000000000073,Stop Loss
2022-07-05 21:00:00+00:00,AUDUSD,1.2369522910892212,SHORT,0.68008,0.6813041440000001,-0.2000000000000056,Stop Loss
2022-07-06 21:00:00+00:00,AUDUSD,1.1524206262202283,SHORT,0.67792,0.6791402559999999,-0.19999999999999635,Stop Loss
2022-07-07 21:00:00+00:00,AUDUSD,1.1603689998436415,SHORT,0.6838,0.68503084,-0.2000000000000097,Stop Loss
2022-07-10 21:00:00+00:00,AUDUSD,1.2685332484887037,SHORT,0.68452,0.6735,1.5898872202419254,Time
2022-07-11 21:00:00+00:00,AUDUSD,1.2400852373623756,SHORT,0.67348,0.6746922639999999,-0.1999999999999945,Stop Loss
2022-07-12 21:00:00+00:00,AUDUSD,1.260367401907411,SHORT,0.67564,0.676856152,-0.2000000000000038,Stop Loss
2022-07-13 21:00:00+00:00,AUDUSD,1.3017227874523152,SHORT,0.67572,0.676936296,-0.20000000000000903,Stop Loss
2022-07-14 21:00:00+00:00,AUDUSD,1.3303878974971508,SHORT,0.67489,0.676104802,-0.2000000000000022,Stop Loss
2022-07-17 21:00:00+00:00,AUDUSD,1.3325365372921525,SHORT,0.67891,0.680132038,-0.19999999999999715,Stop Loss
2022-07-18 21:00:00+00:00,AUDUSD,1.3691468325862144,SHORT,0.6814,0.68262652,-0.20000000000000126,Stop Loss
2022-07-19 21:00:00+00:00,AUDUSD,1.3628106063434022,SHORT,0.68982,0.691061676,-0.20000000000000362,Stop Loss
2022-07-20 21:00:00+00:00,AUDUSD,1.2888700294975555,SHORT,0.68872,0.6899596960000001,-0.20000000000000986,Stop Loss
2022-07-21 21:00:00+00:00,AUDUSD,1.2794223826714828,SHORT,0.69334,0.694588012,-0.20000000000000295,Stop Loss
2022-07-24 21:00:00+00:00,AUDUSD,1.2255546155678425,SHORT,0.6926,0.69384668,-0.200000000000008,Stop Loss
2022-07-25 21:00:00+00:00,AUDUSD,1.2261695406677704,SHORT,0.69568,0.696932224,-0.20000000000000345,Stop Loss
2022-07-26 21:00:00+00:00,AUDUSD,1.2327913721965786,SHORT,0.69388,0.6951289840000001,-0.2000000000000092,Stop Loss
2022-07-27 21:00:00+00:00,AUDUSD,1.2092753338891367,SHORT,0.69934,0.700598812,-0.19999999999999973,Stop Loss
2022-07-28 21:00:00+00:00,AUDUSD,1.187802340861669,SHORT,0.69922,0.700478596,-0.2000000000000001,Stop Loss
2022-07-31 21:00:00+00:00,AUDUSD,1.1921876429740652,SHORT,0.69976,0.7010195680000001,-0.20000000000000628,Stop Loss
2022-08-01 21:00:00+00:00,AUDUSD,1.2540366207187061,SHORT,0.70218,0.69188,1.4468603491982077,Time
2022-08-02 21:00:00+00:00,AUDUSD,1.2106032358122334,SHORT,0.69199,0.693235582,-0.2000000000000033,Stop Loss
2022-08-03 21:00:00+00:00,USDJPY,1.1883362540331983,LONG,133.854,133.61306280000002,-0.1999999999999929,Stop Loss
2022-08-04 21:00:00+00:00,USDJPY,1.2909874223418467,LONG,132.904,132.66477279999998,-0.20000000000001217,Stop Loss
2022-08-07 21:00:00+00:00,USDJPY,1.3025384319184845,LONG,135.096,134.8528272,-0.19999999999999735,Stop Loss
2022-08-08 21:00:00+00:00,USDJPY,1.3049669080688058,LONG,134.937,134.69411340000002,-0.1999999999999936,Stop Loss
2022-08-09 21:00:00+00:00,USDJPY,1.4184862312327162,LONG,135.096,134.8528272,-0.19999999999999735,Stop Loss
2022-08-10 21:00:00+00:00,USDJPY,1.373411534701857,LONG,132.938,132.6987116,-0.1999999999999943,Stop Loss
2022-08-11 21:00:00+00:00,USDJPY,1.3737354283360366,LONG,133.029,133.515,0.3453338745686956,Time
2022-08-14 21:00:00+00:00,USDJPY,1.3946744312902624,LONG,133.463,133.2227666,-0.19999999999999546,Stop Loss
2022-08-15 21:00:00+00:00,USDJPY,1.4164611935072968,LONG,133.348,133.1079736,-0.2000000000000037,Stop Loss
2022-08-16 21:00:00+00:00,USDJPY,1.3654474472759268,LONG,134.219,133.97740579999999,-0.20000000000000642,Stop Loss
2022-08-17 21:00:00+00:00,USDJPY,1.308994646694449,LONG,135.023,134.7799586,-0.20000000000000728,Stop Loss
2022-08-18 21:00:00+00:00,USDJPY,1.276082236062952,LONG,135.882,136.909,0.735802828925087,Time
2022-08-21 21:00:00+00:00,AUDUSD,1.1815119698303784,SHORT,0.68692,0.688156456,-0.19999999999999954,Stop Loss
2022-08-22 21:00:00+00:00,AUDUSD,1.2122999261773466,SHORT,0.6876,0.68883768,-0.2000000000000027,Stop Loss
2022-08-23 21:00:00+00:00,AUDUSD,1.2135701463398496,SHORT,0.69298,0.69076,0.30035556581719525,Time
2022-08-24 21:00:00+00:00,AUDUSD,1.1846085828090014,SHORT,0.69096,0.6922037280000001,-0.20000000000000795,Stop Loss
2022-08-25 21:00:00+00:00,AUDUSD,1.2092870927154653,SHORT,0.69792,0.699176256,-0.2000000000000016,Stop Loss
2022-08-28 21:00:00+00:00,AUDUSD,1.2525462886290613,SHORT,0.68826,0.689498868,-0.20000000000000867,Stop Loss
2022-08-29 21:00:00+00:00,AUDUSD,1.2068383336876718,SHORT,0.69012,0.6913622159999999,-0.1999999999999946,Stop Loss
2022-08-30 21:00:00+00:00,AUDUSD,1.2040470344574155,SHORT,0.68534,0.686573612,-0.20000000000000737,Stop Loss
2022-08-31 21:00:00+00:00,AUDUSD,1.249715901916713,SHORT,0.68429,0.67884,0.7764459512779603,Time
2022-09-01 21:00:00+00:00,AUDUSD,1.205453481617251,SHORT,0.6788,0.68002184,-0.20000000000000437,Stop Loss
2022-09-04 21:00:00+00:00,AUDUSD,1.1971650459324719,SHORT,0.67804,0.679260472,-0.19999999999999593,Stop Loss
2022-09-05 21:00:00+00:00,AUDUSD,1.1970682484778146,SHORT,0.67995,0.68117391,-0.1999999999999992,Stop Loss
2022-09-06 21:00:00+00:00,AUDUSD,1.1907751857816107,SHORT,0.67364,0.674852552,-0.20000000000000495,Stop Loss
2022-09-07 21:00:00+00:00,AUDUSD,1.1944442680854368,SHORT,0.67689,0.67503,0.25478615432344587,Time
2022-09-08 21:00:00+00:00,AUDUSD,1.2437333288807417,SHORT,0.67508,0.676295144,-0.20000000000000018,Stop Loss
2022-09-11 21:00:00+00:00,AUDUSD,1.2025043446522392,SHORT,0.68332,0.684549976,-0.199999999999995,Stop Loss
2022-09-12 21:00:00+00:00,AUDUSD,1.3757077493781973,SHORT,0.68892,0.690160056,-0.19999999999999846,Stop Loss
2022-09-13 21:00:00+00:00,AUDUSD,1.3370427536093785,SHORT,0.67294,0.674151292,-0.2000000000000045,Stop Loss
2022-09-14 21:00:00+00:00,AUDUSD,1.296840722887969,SHORT,0.67484,0.676054712,-0.20000000000000098,Stop Loss
2022-09-15 21:00:00+00:00,AUDUSD,1.260616726604941,SHORT,0.67009,0.671296162,-0.2000000000000016,Stop Loss
2022-09-18 21:00:00+00:00,AUDUSD,1.2081393570748928,SHORT,0.6718,0.67300924,-0.20000000000000004,Stop Loss
2022-09-19 21:00:00+00:00,AUDUSD,1.2167595928190242,SHORT,0.67272,0.673930896,-0.2000000000000025,Stop Loss
2022-09-20 21:00:00+00:00,AUDUSD,1.2336291573324127,SHORT,0.66894,0.670144092,-0.20000000000000678,Stop Loss
2022-09-21 21:00:00+00:00,USDJPY,1.3595743592161806,LONG,144.055,143.795701,-0.199999999999999,Stop Loss
2022-09-22 21:00:00+00:00,USDJPY,1.4081131552775965,LONG,142.359,142.10275380000002,-0.19999999999999474,Stop Loss
2022-09-25 21:00:00+00:00,GBPUSD,1.7210745569471324,SHORT,1.0799,1.08184382,-0.19999999999999343,Stop Loss
2022-09-26 21:00:00+00:00,GBPUSD,1.7472680013788076,SHORT,1.06868,1.070603624,-0.20000000000000115,Stop Loss
2022-09-27 21:00:00+00:00,GBPUSD,1.9037211181721316,SHORT,1.07323,1.0751618139999999,-0.1999999999999978,Stop Loss
2022-09-28 21:00:00+00:00,GBPUSD,1.9978541875465783,SHORT,1.0886,1.09055948,-0.20000000000000123,Stop Loss
2022-09-29 21:00:00+00:00,GBPUSD,2.0463348119950693,SHORT,1.11211,1.114111798,-0.19999999999999993,Stop Loss
2022-10-02 21:00:00+00:00,GBPUSD,2.0205359745502314,SHORT,1.117,1.1190106,-0.19999999999999762,Stop Loss
2022-10-03 21:00:00+00:00,GBPUSD,2.0554357623413297,SHORT,1.13238,1.1344182839999999,-0.1999999999999952,Stop Loss
2022-10-04 21:00:00+00:00,GBPUSD,2.1961676933650285,SHORT,1.14744,1.149505392,-0.19999999999999993,Stop Loss
2022-10-05 21:00:00+00:00,GBPUSD,2.3185460650749015,SHORT,1.13276,1.134798968,-0.19999999999999282,Stop Loss
2022-10-06 21:00:00+00:00,GBPUSD,2.385952217867573,SHORT,1.11606,1.1180689080000001,-0.20000000000000778,Stop Loss
2022-10-09 21:00:00+00:00,GBPUSD,2.38687396964357,SHORT,1.10872,1.110715696,-0.2000000000000042,Stop Loss
2022-10-10 21:00:00+00:00,GBPUSD,2.457102752871755,SHORT,1.10592,1.107910656,-0.20000000000000315,Stop Loss
2022-10-11 21:00:00+00:00,GBPUSD,2.466116638564608,SHORT,1.09714,1.099114852,-0.20000000000000243,Stop Loss
2022-10-12 21:00:00+00:00,GBPUSD,2.3447563923838426,SHORT,1.11069,1.112689242,-0.20000000000001109,Stop Loss
2022-10-13 21:00:00+00:00,GBPUSD,2.149795677407979,SHORT,1.13282,1.134859076,-0.19999999999999762,Stop Loss
2022-10-16 21:00:00+00:00,GBPUSD,2.162079256962831,SHORT,1.12369,1.125712642,-0.20000000000000165,Stop Loss
2022-10-17 21:00:00+00:00,GBPUSD,2.031494154799981,SHORT,1.13576,1.137804368,-0.19999999999999674,Stop Loss
2022-10-18 21:00:00+00:00,GBPUSD,1.9327116800684652,SHORT,1.1319,1.1339374199999999,-0.19999999999999618,Stop Loss
2022-10-19 21:00:00+00:00,GBPUSD,1.901929910690437,SHORT,1.12163,1.123648934,-0.20000000000000742,Stop Loss
2022-10-20 21:00:00+00:00,GBPUSD,1.8947805018689836,SHORT,1.123,1.1250214,-0.2000000000000055,Stop Loss
2022-10-23 21:00:00+00:00,GBPUSD,1.8606309464703683,SHORT,1.1384,1.1404491200000002,-0.20000000000001109,Stop Loss
2022-10-24 21:00:00+00:00,GBPUSD,1.8038599540351246,SHORT,1.12799,1.130020382,-0.20000000000000467,Stop Loss
2022-10-25 21:00:00+00:00,AUDUSD,1.757629585335721,SHORT,0.63975,0.64090155,-0.20000000000000015,Stop Loss
2022-10-26 21:00:00+00:00,AUDUSD,1.7899476064306634,SHORT,0.65002,0.651190036,-0.19999999999999774,Stop Loss
2022-10-27 21:00:00+00:00,AUDUSD,1.785157398579715,SHORT,0.64512,0.646281216,-0.19999999999999454,Stop Loss
2022-10-30 21:00:00+00:00,AUDUSD,1.7464089187450855,SHORT,0.6403,0.64145254,-0.19999999999999682,Stop Loss
2022-10-31 21:00:00+00:00,AUDUSD,1.7737041323865226,SHORT,0.63953,0.640681154,-0.19999999999999804,Stop Loss
2022-11-01 21:00:00+00:00,AUDUSD,1.7846454336389113,SHORT,0.63956,0.640711208,-0.2000000000000023,Stop Loss
2022-11-02 21:00:00+00:00,AUDUSD,1.7417557952511178,SHORT,0.6351,0.63624318,-0.20000000000000337,Stop Loss
2022-11-03 21:00:00+00:00,AUDUSD,1.7915643819649238,SHORT,0.62924,0.630372632,-0.2000000000000035,Stop Loss
2022-11-06 22:00:00+00:00,AUDUSD,1.800403470285403,SHORT,0.64202,0.643175636,-0.2000000000000024,Stop Loss
2022-11-07 22:00:00+00:00,AUDUSD,1.829522696929236,SHORT,0.64786,0.649026148,-0.20000000000000517,Stop Loss
2022-11-08 22:00:00+00:00,AUDUSD,1.828614078462468,SHORT,0.64968,0.650849424,-0.19999999999999607,Stop Loss
2022-11-09 22:00:00+00:00,AUDUSD,1.8440349945833465,SHORT,0.64304,0.644197472,-0.2000000000000075,Stop Loss
2022-11-10 22:00:00+00:00,AUDUSD,1.8205256597381272,SHORT,0.66193,0.663121474,-0.1999999999999955,Stop Loss
2022-11-13 22:00:00+00:00,AUDUSD,1.7686049436937405,SHORT,0.67014,0.671346252,-0.20000000000000281,Stop Loss
2022-11-14 22:00:00+00:00,AUDUSD,1.7260882803183428,SHORT,0.67017,0.6713763060000001,-0.2000000000000068,Stop Loss
2022-11-15 22:00:00+00:00,GBPUSD,1.708156636776623,SHORT,1.18638,1.188515484,-0.20000000000000642,Stop Loss
2022-11-16 22:00:00+00:00,GBPUSD,1.7607032700322884,SHORT,1.19168,1.1938250240000001,-0.20000000000000426,Stop Loss
2022-11-17 22:00:00+00:00,AUDUSD,1.7605400187910785,SHORT,0.66858,0.669783444,-0.200000000000008,Stop Loss
2022-11-20 22:00:00+00:00,AUDUSD,1.791553487084551,SHORT,0.66681,0.668010258,-0.20000000000000143,Stop Loss
2022-11-21 22:00:00+00:00,AUDUSD,1.6784032766523473,SHORT,0.66027,0.661458486,-0.19999999999999826,Stop Loss
2022-11-22 22:00:00+00:00,AUDUSD,1.6620695508264198,SHORT,0.6647,0.66589646,-0.2000000000000099,Stop Loss
2022-11-23 22:00:00+00:00,USDJPY,1.6330534637467915,LONG,139.608,139.3567056,-0.2000000000000044,Stop Loss
2022-11-24 22:00:00+00:00,USDJPY,1.6133585451081365,SHORT,138.644,138.8935592,-0.199999999999995,Stop Loss
2022-11-28 22:00:00+00:00,USDJPY,1.627435591617794,SHORT,138.921,139.1710578,-0.20000000000000542,Stop Loss
2022-11-29 22:00:00+00:00,USDJPY,1.4198521760895957,SHORT,138.653,138.9025754,-0.19999999999999832,Stop Loss
2022-11-30 22:00:00+00:00,USDJPY,1.390384152597112,SHORT,138.076,135.31448,1.979999999999993,Take Profit
2022-12-01 22:00:00+00:00,USDJPY,1.4202551460985746,SHORT,135.293,135.5365274,-0.20000000000000362,Stop Loss
2022-12-04 22:00:00+00:00,AUDUSD,1.383272764498131,LONG,0.67842,0.677198844,-0.2000000000000083,Stop Loss
2022-12-05 22:00:00+00:00,USDJPY,1.3749954397869428,SHORT,136.688,136.9340384,-0.20000000000000243,Stop Loss
2022-12-06 22:00:00+00:00,USDJPY,1.3680548728064548,SHORT,136.957,137.20352259999999,-0.19999999999999388,Stop Loss
2022-12-07 22:00:00+00:00,USDJPY,1.3739640270476428,SHORT,136.581,136.8268458,-0.20000000000000887,Stop Loss
2022-12-08 22:00:00+00:00,USDJPY,1.3343431215846377,SHORT,136.665,136.910997,-0.20000000000001236,Stop Loss
2022-12-11 22:00:00+00:00,USDJPY,1.334122740745042,SHORT,136.533,136.77875939999998,-0.19999999999999796,Stop Loss
2022-12-12 22:00:00+00:00,USDJPY,1.3998103666245205,SHORT,137.678,137.9258204,-0.19999999999999624,Stop Loss
2022-12-13 22:00:00+00:00,USDJPY,1.3959155354322197,SHORT,135.606,135.8500908,-0.20000000000000684,Stop Loss
2022-12-14 22:00:00+00:00,AUDUSD,1.5464038409059904,LONG,0.68636,0.685124552,-0.199999999999996,Stop Loss
2022-12-18 22:00:00+00:00,USDJPY,1.4484799412344074,SHORT,135.96,136.20472800000002,-0.2000000000000067,Stop Loss
2022-12-19 22:00:00+00:00,USDJPY,1.7589760277687352,SHORT,136.901,137.14742180000002,-0.20000000000000534,Stop Loss
2022-12-20 22:00:00+00:00,USDJPY,1.6483143122478066,SHORT,131.663,131.89999340000003,-0.20000000000001297,Stop Loss
2022-12-21 22:00:00+00:00,USDJPY,1.5799390903263237,SHORT,132.423,132.6613614,-0.2000000000000017,Stop Loss
2022-12-22 22:00:00+00:00,USDJPY,1.4809273932042626,SHORT,132.416,132.6543488,-0.20000000000000856,Stop Loss
2022-12-26 22:00:00+00:00,USDJPY,1.4465374482901774,SHORT,132.857,133.0961426,-0.2000000000000061,Stop Loss
2022-12-27 22:00:00+00:00,USDJPY,1.407475233747112,SHORT,133.49,133.73028200000002,-0.2000000000000057,Stop Loss
2022-12-28 22:00:00+00:00,USDJPY,1.4553008971393337,SHORT,134.478,133.026,1.059730513541247,Time
2022-12-29 22:00:00+00:00,USDJPY,1.5319704437255042,SHORT,133.031,131.101,1.4307896655666774,Time
2023-01-01 22:00:00+00:00,USDJPY,1.4892637651115839,SHORT,130.827,130.659,0.10841385952441497,Time
2023-01-02 22:00:00+00:00,USDJPY,1.408187259512614,SHORT,130.659,130.8941862,-0.20000000000001175,Stop Loss
2023-01-03 22:00:00+00:00,USDJPY,1.4604761043346433,SHORT,131.002,131.2378036,-0.19999999999999768,Stop Loss
2023-01-04 22:00:00+00:00,USDJPY,1.4219973275315663,SHORT,132.538,132.7765684,-0.19999999999999338,Stop Loss
2023-01-05 22:00:00+00:00,USDJPY,1.5009873920952417,SHORT,133.414,133.6541452,-0.20000000000000046,Stop Loss
2023-01-08 22:00:00+00:00,USDJPY,1.5001960686608642,SHORT,131.933,132.1704794,-0.20000000000000925,Stop Loss
2023-01-09 22:00:00+00:00,AUDUSD,1.349427402608705,LONG,0.69145,0.69020539,-0.19999999999999699,Stop Loss
2023-01-10 22:00:00+00:00,AUDUSD,1.3274052562559182,LONG,0.68857,0.687330574,-0.20000000000000628,Stop Loss
2023-01-11 22:00:00+00:00,USDJPY,1.3376768009333648,SHORT,132.445,129.7961,1.9799999999999982,Take Profit
2023-01-12 22:00:00+00:00,USDJPY,1.407822802036652,SHORT,129.246,127.857,1.0546947681166225,Time
2023-01-15 22:00:00+00:00,USDJPY,1.4385862340329991,SHORT,127.823,128.0530814,-0.20000000000000243,Stop Loss
2023-01-16 22:00:00+00:00,USDJPY,1.446730101260517,SHORT,128.512,128.7433216,-0.20000000000000087,Stop Loss
2023-01-17 22:00:00+00:00,USDJPY,1.5717676942309233,SHORT,128.138,128.3686484,-0.20000000000000534,Stop Loss
2023-01-18 22:00:00+00:00,USDJPY,1.5117890736933899,SHORT,128.836,128.424,0.29978639510696237,Time
2023-01-19 22:00:00+00:00,USDJPY,1.5967346434745775,SHORT,128.427,128.65816859999998,-0.19999999999999182,Stop Loss
2023-01-22 22:00:00+00:00,USDJPY,1.5803903477798869,SHORT,129.5,129.7331,-0.2000000000000057,Stop Loss
2023-01-23 22:00:00+00:00,USDJPY,1.5095457537853831,SHORT,130.648,130.8831664,-0.19999999999999776,Stop Loss
2023-01-24 22:00:00+00:00,USDJPY,1.4587463039360717,SHORT,130.183,130.4173294,-0.20000000000000548,Stop Loss
2023-01-25 22:00:00+00:00,USDJPY,1.3862532989055192,SHORT,129.615,129.848307,-0.19999999999999718,Stop Loss
2023-01-26 22:00:00+00:00,USDJPY,1.3588439565856527,SHORT,130.221,129.832,0.27872294023238187,Time
2023-01-29 22:00:00+00:00,USDJPY,1.367564429743375,SHORT,129.658,129.8913844,-0.2000000000000043,Stop Loss
2023-01-30 22:00:00+00:00,USDJPY,1.3700111783864015,SHORT,130.436,130.098,0.23913091477812407,Time
2023-01-31 22:00:00+00:00,USDJPY,1.2843413519021054,SHORT,130.082,130.3161476,-0.2,Stop Loss
2023-02-01 22:00:00+00:00,USDJPY,1.2355743297987327,SHORT,128.985,128.714,0.1901019498391402,Time
2023-02-02 22:00:00+00:00,USDJPY,1.2789593681473599,SHORT,128.678,128.9096204,-0.1999999999999977,Stop Loss
2023-02-05 22:00:00+00:00,USDJPY,1.2935361429691579,SHORT,132.372,132.6102696,-0.19999999999999643,Stop Loss
2023-02-06 22:00:00+00:00,AUDUSD,1.2287627587679328,LONG,0.68822,0.69588,1.0930161866844905,Time
2023-02-07 22:00:00+00:00,AUDUSD,1.2358530470756963,LONG,0.69572,0.694467704,-0.19999999999999798,Stop Loss
2023-02-08 22:00:00+00:00,AUDUSD,1.2569665564100574,LONG,0.69258,0.69362,0.13016315804672976,Time
2023-02-09 22:00:00+00:00,AUDUSD,1.232563037355777,LONG,0.69362,0.692371484,-0.1999999999999967,Stop Loss
2023-02-12 22:00:00+00:00,AUDUSD,1.2440014765596183,LONG,0.69226,0.6910139319999999,-0.20000000000000642,Stop Loss
2023-02-13 22:00:00+00:00,AUDUSD,1.2590306874671569,LONG,0.6968,0.69554576,-0.19999999999999454,Stop Loss
2023-02-14 22:00:00+00:00,AUDUSD,1.3372099038789873,LONG,0.69874,0.697482268,-0.20000000000000162,Stop Loss
2023-02-15 22:00:00+00:00,AUDUSD,1.3921479863277146,LONG,0.69008,0.688837856,-0.20000000000000007,Stop Loss
2023-02-16 22:00:00+00:00,AUDUSD,1.3963597243625177,LONG,0.68741,0.6861726619999999,-0.2000000000000047,Stop Loss
2023-02-19 22:00:00+00:00,AUDUSD,1.3646296108707319,LONG,0.68704,0.69103,0.5607522123893877,Time
2023-02-20 22:00:00+00:00,AUDUSD,1.338178726667308,LONG,0.69077,0.6895266139999999,-0.20000000000000992,Stop Loss
2023-02-21 22:00:00+00:00,AUDUSD,1.3287498687939572,LONG,0.68546,0.6842261719999999,-0.20000000000000698,Stop Loss
2023-02-22 22:00:00+00:00,AUDUSD,1.221011983462405,LONG,0.68048,0.679255136,-0.19999999999999885,Stop Loss
2023-02-23 22:00:00+00:00,AUDUSD,1.249235422047032,LONG,0.68072,0.679494704,-0.19999999999999807,Stop Loss
2023-02-26 22:00:00+00:00,AUDUSD,1.1831271358190114,LONG,0.67318,0.671968276,-0.2000000000000037,Stop Loss
2023-02-27 22:00:00+00:00,AUDUSD,1.1603294906906154,LONG,0.67361,0.672397502,-0.20000000000000093,Stop Loss
2023-02-28 22:00:00+00:00,AUDUSD,1.153805507999916,LONG,0.67324,0.672028168,-0.1999999999999953,Stop Loss
2023-03-01 22:00:00+00:00,AUDUSD,1.1677446882582327,LONG,0.676,0.6747832,-0.20000000000000262,Stop Loss
2023-03-02 22:00:00+00:00,AUDUSD,1.1245985084139132,LONG,0.67308,0.67694,0.5534830926487155,Time
2023-03-05 22:00:00+00:00,AUDUSD,1.0726594399123963,LONG,0.6753,0.67408446,-0.2000000000000022,Stop Loss
2023-03-06 22:00:00+00:00,AUDUSD,1.1438681291979804,LONG,0.6727,0.6714891399999999,-0.2000000000000053,Stop Loss
2023-03-07 22:00:00+00:00,AUDUSD,1.1059481166032068,LONG,0.65853,0.657344646,-0.19999999999999574,Stop Loss
2023-03-08 22:00:00+00:00,AUDUSD,1.0919383233169428,LONG,0.65922,0.658033404,-0.200000000000006,Stop Loss
2023-03-09 22:00:00+00:00,AUDUSD,1.1125891622921895,LONG,0.65902,0.657833764,-0.20000000000000107,Stop Loss
2023-03-12 21:00:00+00:00,AUDUSD,1.1639640334470955,LONG,0.66125,0.66005975,-0.20000000000000898,Stop Loss
2023-03-13 21:00:00+00:00,AUDUSD,1.155183950778282,LONG,0.66681,0.665609742,-0.20000000000000143,Stop Loss
2023-03-14 21:00:00+00:00,USDJPY,1.2560705078242087,SHORT,134.274,134.51569320000002,-0.20000000000001078,Stop Loss
2023-03-15 21:00:00+00:00,USDJPY,1.234045825003844,SHORT,133.429,133.6691722,-0.19999999999999196,Stop Loss
2023-03-16 21:00:00+00:00,USDJPY,1.3372271915682912,SHORT,133.76,131.856,1.4034449760765524,Time
2023-03-19 21:00:00+00:00,USDJPY,1.393364681409403,SHORT,131.864,132.1013552,-0.19999999999999704,Stop Loss
2023-03-20 21:00:00+00:00,USDJPY,1.4020395066788194,SHORT,131.29,131.526322,-0.20000000000000095,Stop Loss
2023-03-21 21:00:00+00:00,USDJPY,1.462119179253412,SHORT,132.472,132.7104496,-0.19999999999999665,Stop Loss
2023-03-22 21:00:00+00:00,USDJPY,1.4853257369874389,SHORT,131.416,131.6525488,-0.20000000000000642,Stop Loss
2023-03-23 21:00:00+00:00,USDJPY,1.5131264029656022,SHORT,130.827,130.718,0.06331613504858237,Time
2023-03-26 21:00:00+00:00,USDJPY,1.481969676570353,SHORT,130.583,130.8180494,-0.20000000000000634,Stop Loss
2023-03-27 21:00:00+00:00,USDJPY,1.4749103179878065,SHORT,131.558,130.899,0.48091974642362445,Time
2023-03-28 21:00:00+00:00,USDJPY,1.4908907927332797,SHORT,130.899,131.1346182,-0.20000000000000354,Stop Loss
2023-03-29 21:00:00+00:00,USDJPY,1.3788815194452817,SHORT,132.842,132.68,0.10194938347812146,Time
2023-03-30 21:00:00+00:00,USDJPY,1.2795087168346213,SHORT,132.706,132.9448708,-0.20000000000000065,Stop Loss
2023-04-02 21:00:00+00:00,USDJPY,1.266289184132784,SHORT,133.315,133.554967,-0.20000000000000537,Stop Loss
2023-04-03 21:00:00+00:00,USDJPY,1.2049002893495893,SHORT,132.42,132.658356,-0.20000000000000773,Stop Loss
2023-04-04 21:00:00+00:00,USDJPY,1.159947441241219,SHORT,131.702,131.336,0.25790010781915645,Time
2023-04-06 21:00:00+00:00,AUDUSD,1.1129319024055873,SHORT,0.66711,0.668310798,-0.20000000000000875,Stop Loss
2023-04-09 21:00:00+00:00,AUDUSD,1.1006796575902271,LONG,0.666,0.6648012,-0.20000000000000828,Stop Loss
2023-04-10 21:00:00+00:00,AUDUSD,1.050145465866515,SHORT,0.66338,0.664574084,-0.1999999999999976,Stop Loss
2023-04-11 21:00:00+00:00,AUDUSD,1.0325440818948863,SHORT,0.66526,0.6664574679999999,-0.19999999999999687,Stop Loss
2023-04-13 21:00:00+00:00,AUDUSD,1.1592160335863952,LONG,0.6783,0.67707906,-0.20000000000000873,Stop Loss
2023-04-16 21:00:00+00:00,AUDUSD,1.1329916949470484,SHORT,0.67045,0.67165681,-0.20000000000000037,Stop Loss
2023-04-18 21:00:00+00:00,AUDUSD,1.1249356298064837,LONG,0.67244,0.671229608,-0.20000000000000892,Stop Loss
2023-04-19 21:00:00+00:00,AUDUSD,1.1275519284061717,LONG,0.67211,0.670900202,-0.19999999999999765,Stop Loss
2023-04-20 21:00:00+00:00,AUDUSD,1.061173266629386,LONG,0.67411,0.672896602,-0.19999999999999654,Stop Loss
2023-04-23 21:00:00+00:00,AUDUSD,1.017771804062123,LONG,0.66962,0.6684146839999999,-0.20000000000001006,Stop Loss
2023-04-24 21:00:00+00:00,AUDUSD,1.014926402745558,SHORT,0.66944,0.66268,0.9897992351816425,Time
2023-04-25 21:00:00+00:00,AUDUSD,0.99208152138638,LONG,0.66271,0.661517122,-0.20000000000000123,Stop Loss
2023-04-26 21:00:00+00:00,AUDUSD,0.9768663566666502,LONG,0.66016,0.66298,0.4071691711100407,Time
2023-04-27 21:00:00+00:00,AUDUSD,0.986710712396496,SHORT,0.66275,0.6639429499999999,-0.19999999999999554,Stop Loss
2023-04-30 21:00:00+00:00,AUDUSD,0.994122311086596,SHORT,0.66151,0.6627007180000001,-0.20000000000000528,Stop Loss
2023-05-01 21:00:00+00:00,AUDUSD,1.0121531276936062,LONG,0.66341,0.662215862,-0.20000000000000168,Stop Loss
2023-05-02 21:00:00+00:00,USDJPY,0.9677080771155459,SHORT,136.531,134.744,1.2888602588423186,Time
2023-05-03 21:00:00+00:00,USDJPY,0.9556969432593176,SHORT,134.724,134.27,0.31698524390604443,Time
2023-05-04 21:00:00+00:00,USDJPY,0.9715675711181534,SHORT,134.244,134.4856392,-0.20000000000000648,Stop Loss
2023-05-07 21:00:00+00:00,USDJPY,0.959732877697233,SHORT,134.866,135.1087588,-0.1999999999999926,Stop Loss
2023-05-08 21:00:00+00:00,USDJPY,0.929963786029099,SHORT,135.082,135.3251476,-0.20000000000001078,Stop Loss
2023-05-09 21:00:00+00:00,USDJPY,0.957012314391172,SHORT,135.195,135.43835099999998,-0.19999999999999252,Stop Loss
2023-05-10 21:00:00+00:00,AUDUSD,0.9680045869115302,LONG,0.67769,0.676470158,-0.2000000000000039,Stop Loss
2023-05-11 21:00:00+00:00,AUDUSD,1.0173665250819957,LONG,0.67039,0.669183298,-0.20000000000000887,Stop Loss
2023-05-14 21:00:00+00:00,AUDUSD,0.9829571017051446,LONG,0.6649,0.66999,0.7455286509249401,Time
2023-05-15 21:00:00+00:00,AUDUSD,1.001103392610277,LONG,0.66956,0.668354792,-0.20000000000000193,Stop Loss
2023-05-16 21:00:00+00:00,AUDUSD,1.0049771522965714,LONG,0.66599,0.664791218,-0.2000000000000014,Stop Loss
2023-05-17 21:00:00+00:00,AUDUSD,1.0045991095157585,LONG,0.66612,0.664920984,-0.2000000000000079,Stop Loss
2023-05-18 21:00:00+00:00,AUDUSD,0.9974419608626474,LONG,0.6619,0.66513,0.46798912222389405,Time
2023-05-21 21:00:00+00:00,AUDUSD,0.9371255041599943,LONG,0.66466,0.663463612,-0.19999999999999887,Stop Loss
2023-05-22 21:00:00+00:00,AUDUSD,0.9435695481327496,LONG,0.66489,0.6636931979999999,-0.20000000000000787,Stop Loss
2023-05-23 21:00:00+00:00,AUDUSD,0.9744526822282218,LONG,0.66114,0.659949948,-0.19999999999999954,Stop Loss
2023-05-24 21:00:00+00:00,AUDUSD,0.9623662526134579,LONG,0.6542,0.65302244,-0.20000000000000334,Stop Loss
2023-05-28 21:00:00+00:00,AUDUSD,0.9428274337443125,LONG,0.65214,0.65396,0.2590811788879585,Time
2023-05-29 21:00:00+00:00,AUDUSD,0.9268879711707948,LONG,0.65397,0.6527928540000001,-0.1999999999999942,Stop Loss
2023-05-30 21:00:00+00:00,AUDUSD,0.9006278034786233,LONG,0.65134,0.650167588,-0.20000000000001028,Stop Loss
2023-05-31 21:00:00+00:00,AUDUSD,0.9204600778967892,LONG,0.64978,0.648610396,-0.19999999999999854,Stop Loss
2023-06-01 21:00:00+00:00,AUDUSD,0.9191335490233427,LONG,0.65691,0.66056,0.5356316694828884,Time
2023-06-04 21:00:00+00:00,AUDUSD,0.9174143573889716,LONG,0.66094,0.659750308,-0.1999999999999946,Stop Loss
2023-06-05 21:00:00+00:00,AUDUSD,0.9437941918380839,LONG,0.6623,0.66110786,-0.20000000000000123,Stop Loss
2023-06-06 21:00:00+00:00,AUDUSD,0.9600395095660418,LONG,0.66718,0.665979076,-0.20000000000000712,Stop Loss
2023-06-07 21:00:00+00:00,AUDUSD,0.9594501747452232,LONG,0.66559,0.67159,0.8814558511996883,Time
2023-06-08 21:00:00+00:00,AUDUSD,0.9743485454148753,LONG,0.67126,0.6700517319999999,-0.20000000000001011,Stop Loss
2023-06-11 21:00:00+00:00,AUDUSD,0.9601467675587844,LONG,0.67379,0.67512,0.1773908784636242,Time
2023-06-12 21:00:00+00:00,AUDUSD,0.9403051875121409,LONG,0.67518,0.673964676,-0.2000000000000026,Stop Loss
2023-06-13 21:00:00+00:00,AUDUSD,0.9676429286176784,LONG,0.67735,0.67613077,-0.2000000000000023,Stop Loss
2023-06-14 21:00:00+00:00,AUDUSD,1.0310519303168297,LONG,0.68038,0.679155316,-0.19999999999999646,Stop Loss
2023-06-15 21:00:00+00:00,AUDUSD,1.0406082405035162,LONG,0.68849,0.687250718,-0.20000000000000118,Stop Loss
2023-06-18 21:00:00+00:00,AUDUSD,1.0384187837214989,LONG,0.68844,0.687200808,-0.19999999999999998,Stop Loss
2023-06-19 21:00:00+00:00,AUDUSD,1.069807969153836,LONG,0.68485,0.6836172699999999,-0.20000000000000223,Stop Loss
2023-06-20 21:00:00+00:00,AUDUSD,1.0330947651627418,LONG,0.67848,0.677258736,-0.19999999999999993,Stop Loss
2023-06-21 21:00:00+00:00,AUDUSD,1.0304068341368517,LONG,0.67938,0.678157116,-0.20000000000000517,Stop Loss
2023-06-22 21:00:00+00:00,AUDUSD,1.0922444334149142,LONG,0.6753,0.67408446,-0.2000000000000022,Stop Loss
2023-06-25 21:00:00+00:00,AUDUSD,1.0398229614996903,LONG,0.66813,0.666927366,-0.19999999999999704,Stop Loss
2023-06-26 21:00:00+00:00,AUDUSD,1.0117552045944003,LONG,0.66751,0.66864,0.1492858533954494,Time
2023-06-27 21:00:00+00:00,AUDUSD,1.0530871945809073,LONG,0.66854,0.667336628,-0.19999999999999704,Stop Loss
2023-06-28 21:00:00+00:00,AUDUSD,1.0367235907510959,SHORT,0.66053,0.6617189539999999,-0.1999999999999946,Stop Loss
2023-06-29 21:00:00+00:00,AUDUSD,1.0581653033335696,LONG,0.66188,0.6606886160000001,-0.19999999999999424,Stop Loss
2023-07-02 21:00:00+00:00,AUDUSD,1.0411938023005827,SHORT,0.66637,0.667569466,-0.19999999999999735,Stop Loss
2023-07-03 21:00:00+00:00,AUDUSD,1.021231540343342,LONG,0.66711,0.6659092019999999,-0.20000000000000875,Stop Loss
2023-07-04 21:00:00+00:00,AUDUSD,0.9392846408175525,LONG,0.66902,0.667815764,-0.1999999999999955,Stop Loss
2023-07-05 21:00:00+00:00,AUDUSD,0.9908536585365847,SHORT,0.6655,0.6666979,-0.19999999999999607,Stop Loss
2023-07-09 21:00:00+00:00,AUDUSD,0.984181197195757,LONG,0.66832,0.6671170240000001,-0.199999999999995,Stop Loss
2023-07-10 21:00:00+00:00,AUDUSD,0.961961748050006,LONG,0.66736,0.666158752,-0.19999999999999823,Stop Loss
2023-07-11 21:00:00+00:00,AUDUSD,1.001921146712062,LONG,0.66828,0.67891,1.5706506254863273,Time
2023-07-12 21:00:00+00:00,AUDUSD,0.9958073452325655,LONG,0.67818,0.68896,1.5695484974490566,Time
2023-07-13 21:00:00+00:00,AUDUSD,1.0432248360005005,LONG,0.68824,0.687001168,-0.1999999999999953,Stop Loss
2023-07-16 21:00:00+00:00,AUDUSD,1.0506913794476493,LONG,0.68378,0.6825491960000001,-0.1999999999999962,Stop Loss
2023-07-17 21:00:00+00:00,AUDUSD,1.0049492492240577,LONG,0.68217,0.680942094,-0.2000000000000001,Stop Loss
2023-07-18 21:00:00+00:00,AUDUSD,1.0367744793974283,LONG,0.68096,0.679734272,-0.19999999999999726,Stop Loss
2023-07-19 21:00:00+00:00,AUDUSD,1.0495957986664293,LONG,0.67673,0.67788,0.1499348336855148,Time
2023-07-20 21:00:00+00:00,AUDUSD,1.0679430345497867,LONG,0.67808,0.676859456,-0.2000000000000067,Stop Loss
2023-07-23 21:00:00+00:00,USDJPY,1.0551833319198238,SHORT,141.695,141.492,0.12326546455415009,Time
2023-07-24 21:00:00+00:00,USDJPY,1.0712562296484611,LONG,141.482,141.2273324,-0.20000000000000337,Stop Loss
2023-07-25 21:00:00+00:00,USDJPY,1.084373309645878,LONG,141.038,140.7841316,-0.2000000000000113,Stop Loss
2023-07-26 21:00:00+00:00,USDJPY,1.1121250668288987,SHORT,140.205,140.45736900000003,-0.20000000000001125,Stop Loss
2023-07-27 21:00:00+00:00,USDJPY,1.2051746767091982,SHORT,139.448,139.6990064,-0.19999999999999588,Stop Loss
2023-07-30 21:00:00+00:00,USDJPY,1.2312881655146912,LONG,141.036,140.7821352,-0.20000000000000162,Stop Loss
2023-07-31 21:00:00+00:00,AUDUSD,1.1873080196484178,LONG,0.6722,0.67099004,-0.20000000000000973,Stop Loss
2023-08-01 21:00:00+00:00,AUDUSD,1.1899663973502406,SHORT,0.66132,0.6625103760000001,-0.2000000000000073,Stop Loss
2023-08-02 21:00:00+00:00,USDJPY,1.1896576263779413,LONG,143.34,143.081988,-0.20000000000000548,Stop Loss
2023-08-03 21:00:00+00:00,USDJPY,1.1947923699352039,LONG,142.589,142.3323398,-0.19999999999999923,Stop Loss
2023-08-06 21:00:00+00:00,AUDUSD,1.1738170566352608,SHORT,0.65728,0.658463104,-0.19999999999999854,Stop Loss
2023-08-07 21:00:00+00:00,AUDUSD,1.189966864721625,LONG,0.65721,0.656027022,-0.20000000000000018,Stop Loss
2023-08-08 21:00:00+00:00,AUDUSD,1.1596584593030892,SHORT,0.65432,0.655497776,-0.20000000000000293,Stop Loss
2023-08-09 21:00:00+00:00,AUDUSD,1.2027917134437267,LONG,0.653,0.6518246,-0.20000000000000742,Stop Loss
2023-08-10 21:00:00+00:00,AUDUSD,1.213199398348096,SHORT,0.65186,0.653033348,-0.20000000000000281,Stop Loss
2023-08-13 21:00:00+00:00,AUDUSD,1.192274659208526,SHORT,0.64966,0.6487,0.12776960256133377,Time
2023-08-14 21:00:00+00:00,AUDUSD,1.2058406245227442,SHORT,0.64912,0.6502884160000001,-0.20000000000000936,Stop Loss
2023-08-15 21:00:00+00:00,AUDUSD,1.1468512184599249,SHORT,0.64598,0.647142764,-0.20000000000000592,Stop Loss
2023-08-16 21:00:00+00:00,AUDUSD,1.1448116449053545,SHORT,0.64324,0.644397832,-0.1999999999999953,Stop Loss
2023-08-17 21:00:00+00:00,AUDUSD,1.0976572606186048,SHORT,0.64055,0.64170299,-0.2000000000000032,Stop Loss
2023-08-20 21:00:00+00:00,AUDUSD,0.9992003724170806,SHORT,0.641,0.6421538,-0.19999999999999726,Stop Loss
2023-08-21 21:00:00+00:00,AUDUSD,0.9435137323285787,SHORT,0.64124,0.642394232,-0.19999999999999643,Stop Loss
2023-08-22 21:00:00+00:00,AUDUSD,0.9530348986897554,SHORT,0.64218,0.643335924,-0.19999999999999607,Stop Loss
2023-08-23 21:00:00+00:00,AUDUSD,0.9728419140238836,SHORT,0.64774,0.64164,0.9217358816809205,Time
2023-08-24 21:00:00+00:00,AUDUSD,1.0014591830359911,SHORT,0.64177,0.6429251859999999,-0.19999999999999607,Stop Loss
2023-08-27 21:00:00+00:00,AUDUSD,0.9510700510140583,SHORT,0.64065,0.6418031700000001,-0.2000000000000057,Stop Loss
2023-08-28 21:00:00+00:00,AUDUSD,0.9815420704981778,SHORT,0.64236,0.6435162480000001,-0.2000000000000041,Stop Loss
2023-08-29 21:00:00+00:00,AUDUSD,0.9495716558155741,SHORT,0.64752,0.648685536,-0.20000000000000348,Stop Loss
2023-08-30 21:00:00+00:00,AUDUSD,0.9472768132546038,SHORT,0.64766,0.648825788,-0.20000000000000015,Stop Loss
2023-08-31 21:00:00+00:00,AUDUSD,0.9906515976001115,SHORT,0.64802,0.649186436,-0.19999999999999887,Stop Loss
2023-09-03 21:00:00+00:00,AUDUSD,0.9510764420919021,SHORT,0.64462,0.645780316,-0.19999999999999915,Stop Loss
2023-09-04 21:00:00+00:00,AUDUSD,1.0110003830310508,SHORT,0.64601,0.63777,1.2555220507422524,Time
2023-09-05 21:00:00+00:00,AUDUSD,0.9672199393011578,SHORT,0.638,0.6391484000000001,-0.20000000000000773,Stop Loss
2023-09-06 21:00:00+00:00,AUDUSD,0.9489302967563836,SHORT,0.63795,0.6390983100000001,-0.20000000000000645,Stop Loss
2023-09-07 21:00:00+00:00,AUDUSD,0.96347702977572,SHORT,0.63772,0.6388678959999999,-0.19999999999999712,Stop Loss
2023-09-10 21:00:00+00:00,AUDUSD,0.9753789561601491,SHORT,0.63867,0.639819606,-0.20000000000000395,Stop Loss
2023-09-11 21:00:00+00:00,AUDUSD,0.9322859010096449,SHORT,0.64294,0.64266,0.023549942451853514,Time
2023-09-12 21:00:00+00:00,AUDUSD,0.9087915852795808,SHORT,0.64219,0.6433459420000001,-0.20000000000000323,Stop Loss
2023-09-13 21:00:00+00:00,AUDUSD,0.8843452916986467,SHORT,0.64226,0.6434160680000001,-0.20000000000000154,Stop Loss
2023-09-14 21:00:00+00:00,AUDUSD,0.8972579158383431,SHORT,0.64338,0.644538084,-0.2000000000000092,Stop Loss
2023-09-17 21:00:00+00:00,AUDUSD,0.8375685212721122,SHORT,0.6444,0.6437,0.08862818125386762,Time
2023-09-18 21:00:00+00:00,AUDUSD,0.8056910857072032,SHORT,0.6438,0.64495884,-0.1999999999999991,Stop Loss
2023-09-19 21:00:00+00:00,AUDUSD,0.8338262956045509,SHORT,0.64558,0.646742044,-0.19999999999999582,Stop Loss
2023-09-20 21:00:00+00:00,AUDUSD,0.819555318035562,SHORT,0.6444,0.64155,0.42227188081936984,Time
2023-09-21 21:00:00+00:00,AUDUSD,0.8440086585463237,SHORT,0.6418,0.64295524,-0.20000000000000026,Stop Loss
2023-09-24 21:00:00+00:00,AUDUSD,0.7744637130670332,SHORT,0.6445,0.64238,0.308937160589606,Time
2023-09-25 21:00:00+00:00,AUDUSD,0.7732419214363879,SHORT,0.64192,0.6397,0.3258374875373877,Time
2023-09-26 21:00:00+00:00,AUDUSD,0.82911877739274,SHORT,0.63996,0.63527,0.7128583036439734,Time
2023-09-27 21:00:00+00:00,AUDUSD,0.863881443551003,SHORT,0.63596,0.637104728,-0.19999999999999746,Stop Loss
2023-09-28 21:00:00+00:00,AUDUSD,0.8738696324195627,SHORT,0.64192,0.643075456,-0.19999999999999984,Stop Loss
2023-10-01 21:00:00+00:00,AUDUSD,0.941102244814562,SHORT,0.64226,0.6434160680000001,-0.20000000000000154,Stop Loss
2023-10-02 21:00:00+00:00,AUDUSD,0.9820323445002089,SHORT,0.63645,0.63018,0.9651520150836669,Time
2023-10-03 21:00:00+00:00,AUDUSD,0.994416360605525,SHORT,0.63038,0.6315146840000001,-0.20000000000000828,Stop Loss
2023-10-04 21:00:00+00:00,AUDUSD,0.9962866291741767,SHORT,0.63228,0.633418104,-0.20000000000000454,Stop Loss
2023-10-05 21:00:00+00:00,AUDUSD,1.056336452445839,SHORT,0.63692,0.638066456,-0.19999999999999407,Stop Loss
2023-10-08 21:00:00+00:00,AUDUSD,1.0810425420987189,SHORT,0.63599,0.6371347820000001,-0.20000000000000168,Stop Loss
2023-10-09 21:00:00+00:00,AUDUSD,1.0458081052626889,SHORT,0.64125,0.64240425,-0.20000000000000362,Stop Loss
2023-10-10 21:00:00+00:00,AUDUSD,1.0374160266576364,SHORT,0.64247,0.643626446,-0.19999999999999651,Stop Loss
2023-10-11 21:00:00+00:00,AUDUSD,1.1244433784664383,SHORT,0.64086,0.642013548,-0.20000000000000065,Stop Loss
2023-10-12 21:00:00+00:00,AUDUSD,1.1340119630036383,SHORT,0.63138,0.632516484,-0.1999999999999989,Stop Loss
2023-10-15 21:00:00+00:00,AUDUSD,1.1324192890816966,SHORT,0.63034,0.631474612,-0.1999999999999967,Stop Loss
2023-10-16 21:00:00+00:00,AUDUSD,1.0914693261997506,SHORT,0.6336,0.63474048,-0.19999999999999984,Stop Loss
2023-10-17 21:00:00+00:00,AUDUSD,1.071360935005906,SHORT,0.6361,0.63724498,-0.19999999999999404,Stop Loss
2023-10-18 21:00:00+00:00,AUDUSD,1.0491254842117619,SHORT,0.63338,0.634520084,-0.1999999999999977,Stop Loss
2023-10-19 21:00:00+00:00,AUDUSD,0.9945678855930189,SHORT,0.6329,0.63143,0.21226418075524905,Time
2023-10-22 21:00:00+00:00,AUDUSD,0.966512571879581,SHORT,0.63174,0.632877132,-0.19999999999999765,Stop Loss
2023-10-23 21:00:00+00:00,AUDUSD,0.9524483823549243,SHORT,0.63388,0.6350209840000001,-0.20000000000001056,Stop Loss
2023-10-24 21:00:00+00:00,AUDUSD,1.0022599535328196,LONG,0.63534,0.634196388,-0.2000000000000025,Stop Loss
2023-10-25 21:00:00+00:00,AUDUSD,0.9688083262155577,SHORT,0.63126,0.632396268,-0.19999999999999932,Stop Loss
2023-10-26 21:00:00+00:00,AUDUSD,0.9395172385794129,LONG,0.63234,0.63338,0.14446848214568758,Time
2023-10-29 21:00:00+00:00,AUDUSD,0.9430812324929969,SHORT,0.63388,0.6350209840000001,-0.20000000000001056,Stop Loss
2023-10-30 21:00:00+00:00,AUDUSD,0.9551390153940494,LONG,0.63724,0.636092968,-0.19999999999999876,Stop Loss
2023-10-31 21:00:00+00:00,AUDUSD,0.8987789834992934,LONG,0.63342,0.6322798439999999,-0.20000000000000925,Stop Loss
2023-11-01 21:00:00+00:00,AUDUSD,0.9130610468730566,LONG,0.63933,0.64344,0.6228604945802728,Time
2023-11-02 21:00:00+00:00,AUDUSD,0.9559197711758824,SHORT,0.64342,0.644578156,-0.20000000000000331,Stop Loss
2023-11-05 22:00:00+00:00,AUDUSD,0.9517719005499071,LONG,0.65082,0.649648524,-0.20000000000000073,Stop Loss
2023-11-06 22:00:00+00:00,AUDUSD,0.9974829868555977,SHORT,0.64909,0.650258362,-0.20000000000000523,Stop Loss
2023-11-07 22:00:00+00:00,AUDUSD,0.9930767977902856,LONG,0.6434,0.6422418799999999,-0.20000000000000626,Stop Loss
2023-11-08 22:00:00+00:00,AUDUSD,1.0353300198584083,SHORT,0.64036,0.6415126480000001,-0.20000000000000528,Stop Loss
2023-11-09 22:00:00+00:00,AUDUSD,1.005710332061873,SHORT,0.63684,0.63594,0.12132278123233652,Time
2023-11-12 22:00:00+00:00,AUDUSD,0.9948543561000621,SHORT,0.63576,0.636904368,-0.20000000000000978,Stop Loss
2023-11-13 22:00:00+00:00,AUDUSD,1.0382685206731659,SHORT,0.63803,0.639178454,-0.1999999999999946,Stop Loss
2023-11-14 22:00:00+00:00,AUDUSD,1.03641327486843,SHORT,0.64983,0.650999694,-0.19999999999999982,Stop Loss
2023-11-15 22:00:00+00:00,AUDUSD,1.0602040500986667,SHORT,0.65048,0.6516508639999999,-0.19999999999999904,Stop Loss
2023-11-19 22:00:00+00:00,AUDUSD,1.0616950954610496,SHORT,0.65066,0.6518311880000001,-0.20000000000000692,Stop Loss
2023-11-20 22:00:00+00:00,AUDUSD,1.0228830309065802,SHORT,0.65587,0.657050566,-0.20000000000000756,Stop Loss
2023-11-23 22:00:00+00:00,AUDUSD,0.9343797055288181,LONG,0.65576,0.65842,0.38563620836891477,Time
2023-11-26 22:00:00+00:00,AUDUSD,0.8749908100557421,LONG,0.65808,0.656895456,-0.20000000000000143,Stop Loss
2023-11-27 22:00:00+00:00,AUDUSD,0.8879960466665205,LONG,0.66054,0.6649,0.6400660066006647,Time
2023-11-28 22:00:00+00:00,AUDUSD,0.8985506620672367,LONG,0.66473,0.6635334860000001,-0.19999999999999726,Stop Loss
2023-11-29 22:00:00+00:00,AUDUSD,0.9510616854608108,LONG,0.66184,0.660648688,-0.19999999999999998,Stop Loss
2023-11-30 22:00:00+00:00,AUDUSD,0.9808159841117615,LONG,0.66058,0.66752,1.0305919040842981,Time
2023-12-03 22:00:00+00:00,USDJPY,0.9192738958816039,SHORT,146.742,147.0061356,-0.20000000000000207,Stop Loss
2023-12-04 22:00:00+00:00,AUDUSD,0.948238269666838,LONG,0.66179,0.660598778,-0.19999999999999876,Stop Loss
2023-12-05 22:00:00+00:00,AUDUSD,0.9332135004013805,LONG,0.6551,0.65488,-0.05358265913600946,Time
2023-12-06 22:00:00+00:00,USDJPY,1.0889770551840823,SHORT,147.254,144.30892,1.9799999999999933,Take Profit
2023-12-07 22:00:00+00:00,USDJPY,1.1242204751098863,SHORT,144.138,144.3974484,-0.19999999999999762,Stop Loss
2023-12-10 22:00:00+00:00,USDJPY,1.131317237928443,SHORT,144.964,145.2249352,-0.200000000000004,Stop Loss
2023-12-11 22:00:00+00:00,USDJPY,1.123325739424169,SHORT,146.148,145.48,0.4370709144155283,Time
2023-12-12 22:00:00+00:00,USDJPY,1.271404178063564,SHORT,145.559,145.8210062,-0.20000000000000126,Stop Loss
2023-12-13 22:00:00+00:00,USDJPY,1.3536902899189847,SHORT,142.834,141.882,0.6465079742918339,Time
2023-12-14 22:00:00+00:00,USDJPY,1.346357924694398,SHORT,141.873,142.1283714,-0.20000000000000095,Stop Loss
2023-12-17 22:00:00+00:00,USDJPY,1.3191368887137043,SHORT,142.085,142.340753,-0.19999999999999896,Stop Loss
2023-12-18 22:00:00+00:00,USDJPY,1.38284729091436,SHORT,142.773,143.0299914,-0.2000000000000028,Stop Loss
2023-12-19 22:00:00+00:00,USDJPY,1.3437511194609035,SHORT,143.781,144.0398058,-0.2000000000000032,Stop Loss
2023-12-20 22:00:00+00:00,USDJPY,1.3526920154231485,SHORT,143.505,142.124,0.9423358071147349,Time
2023-12-21 22:00:00+00:00,USDJPY,1.3284173917229232,SHORT,142.243,142.4990374,-0.1999999999999977,Stop Loss
2023-12-25 22:00:00+00:00,USDJPY,1.3147966422440676,SHORT,142.337,142.5932066,-0.2000000000000091,Stop Loss
2023-12-26 22:00:00+00:00,USDJPY,1.3549394374354695,SHORT,142.391,142.6473038,-0.2000000000000084,Stop Loss
2023-12-27 22:00:00+00:00,USDJPY,1.1506398729548082,SHORT,141.719,141.412,0.19662585821236953,Time
2023-12-28 22:00:00+00:00,USDJPY,1.072175599775128,SHORT,141.41,141.664538,-0.1999999999999976,Stop Loss
2024-01-01 22:00:00+00:00,USDJPY,1.0460322602063046,SHORT,140.858,141.1115444,-0.20000000000000692,Stop Loss
2024-01-02 22:00:00+00:00,USDJPY,1.0573850977186463,SHORT,141.905,142.160429,-0.1999999999999946,Stop Loss
2024-01-03 22:00:00+00:00,USDJPY,0.9803204981312118,SHORT,143.257,143.51486260000001,-0.20000000000000692,Stop Loss
2024-01-04 22:00:00+00:00,USDJPY,0.9903087930096035,SHORT,144.584,144.8442512,-0.19999999999999932,Stop Loss
2024-01-07 22:00:00+00:00,USDJPY,1.0040023413845622,SHORT,144.59,144.85026200000001,-0.20000000000000798,Stop Loss
2024-01-08 22:00:00+00:00,USDJPY,1.007845665013036,SHORT,144.242,144.5016356,-0.19999999999999707,Stop Loss
2024-01-09 22:00:00+00:00,USDJPY,0.9409379293583584,SHORT,144.474,144.7340532,-0.20000000000001092,Stop Loss
2024-01-10 22:00:00+00:00,USDJPY,0.9719299970504355,SHORT,145.678,145.9402204,-0.1999999999999929,Stop Loss
2024-01-11 22:00:00+00:00,USDJPY,0.9560943869628835,SHORT,145.28,145.541504,-0.20000000000000148,Stop Loss
2024-01-14 22:00:00+00:00,USDJPY,0.9628407182154726,SHORT,144.929,145.1898722,-0.19999999999999607,Stop Loss
2024-01-15 22:00:00+00:00,USDJPY,1.0111735747674389,SHORT,145.728,145.9903104,-0.199999999999993,Stop Loss
2024-01-16 22:00:00+00:00,USDJPY,1.011902351350774,SHORT,147.224,147.48900319999998,-0.19999999999999685,Stop Loss
2024-01-17 22:00:00+00:00,AUDUSD,1.0036748167481235,LONG,0.65547,0.654290154,-0.19999999999999762,Stop Loss
2024-01-18 22:00:00+00:00,AUDUSD,0.9688092783951621,LONG,0.65689,0.65972,0.4108179451658572,Time
2024-01-21 22:00:00+00:00,AUDUSD,0.9354776981420905,LONG,0.65948,0.6582929359999999,-0.20000000000000234,Stop Loss
2024-01-22 22:00:00+00:00,AUDUSD,0.9253148067737731,LONG,0.65705,0.65586731,-0.20000000000000634,Stop Loss
2024-01-23 22:00:00+00:00,AUDUSD,0.9164777021919887,LONG,0.65821,0.6570252219999999,-0.20000000000000806,Stop Loss
2024-01-24 22:00:00+00:00,AUDUSD,0.8462956936761048,LONG,0.65745,0.6585,0.1397079625827052,Time
2024-01-28 22:00:00+00:00,USDJPY,0.818405975075443,SHORT,148.105,147.508,0.3830924006616792,Time
2024-01-29 22:00:00+00:00,AUDUSD,0.8238928939237911,LONG,0.66111,0.659920002,-0.19999999999999546,Stop Loss
2024-01-30 22:00:00+00:00,AUDUSD,0.8200929293632438,LONG,0.66002,0.658831964,-0.2000000000000089,Stop Loss
2024-01-31 22:00:00+00:00,AUDUSD,0.8412758789327849,LONG,0.65667,0.6554879939999999,-0.20000000000001045,Stop Loss
2024-02-01 22:00:00+00:00,AUDUSD,0.9078007028134487,LONG,0.65709,0.655907238,-0.2000000000000006,Stop Loss
2024-02-04 22:00:00+00:00,AUDUSD,0.872789377995704,LONG,0.65112,0.649947984,-0.20000000000000817,Stop Loss
2024-02-05 22:00:00+00:00,AUDUSD,0.8424425467981069,LONG,0.64819,0.65227,0.6094450701183252,Time
2024-02-06 22:00:00+00:00,AUDUSD,0.8161544022608297,LONG,0.65236,0.6521,-0.05985529462260683,Time
2024-02-07 22:00:00+00:00,AUDUSD,0.8367183477315654,LONG,0.65213,0.650956166,-0.20000000000000617,Stop Loss
2024-02-08 22:00:00+00:00,AUDUSD,0.8318480207754004,LONG,0.64928,0.65242,0.46361261705274026,Time
2024-02-12 22:00:00+00:00,AUDUSD,0.850798668295879,LONG,0.65273,0.651555086,-0.2000000000000041,Stop Loss
2024-02-13 22:00:00+00:00,AUDUSD,0.8516762837864604,SHORT,0.64522,0.646381396,-0.19999999999999707,Stop Loss
2024-02-14 22:00:00+00:00,AUDUSD,0.8672007216090827,LONG,0.64896,0.647791872,-0.19999999999999854,Stop Loss
2024-02-15 22:00:00+00:00,AUDUSD,0.8689593924174682,LONG,0.6524,0.6512256799999999,-0.2000000000000095,Stop Loss
2024-02-18 22:00:00+00:00,AUDUSD,0.8408179490987883,LONG,0.65311,0.65404,0.12239561482751547,Time
2024-02-19 22:00:00+00:00,AUDUSD,0.824989638548961,LONG,0.65359,0.652413538,-0.19999999999999835,Stop Loss
2024-02-20 22:00:00+00:00,AUDUSD,0.7912161705486185,LONG,0.6549,0.65372118,-0.20000000000000379,Stop Loss
2024-02-21 22:00:00+00:00,AUDUSD,0.7324778317610415,LONG,0.65499,0.6557,0.08839860150536472,Time
2024-02-22 22:00:00+00:00,AUDUSD,0.7090408144611247,LONG,0.65574,0.65642,0.08369963705127245,Time
2024-02-25 22:00:00+00:00,AUDUSD,0.6996291070172591,LONG,0.65658,0.6553981560000001,-0.19999999999999807,Stop Loss
2024-02-26 22:00:00+00:00,AUDUSD,0.7081516020729363,LONG,0.6542,0.65302244,-0.20000000000000334,Stop Loss
2024-02-27 22:00:00+00:00,AUDUSD,0.7235667220887981,LONG,0.65443,0.653252026,-0.1999999999999955,Stop Loss
2024-02-28 22:00:00+00:00,AUDUSD,0.7203869620183583,LONG,0.64959,0.64975,0.004630921042511279,Time
2024-02-29 22:00:00+00:00,AUDUSD,0.7324912584924542,LONG,0.64988,0.65247,0.3785351141749217,Time
2024-03-03 22:00:00+00:00,AUDUSD,0.6613512766153568,LONG,0.65266,0.651485212,-0.20000000000000576,Stop Loss
2024-03-04 22:00:00+00:00,AUDUSD,0.6556304045580038,LONG,0.65124,0.650067768,-0.20000000000000778,Stop Loss
2024-03-05 22:00:00+00:00,AUDUSD,0.6899981283759958,LONG,0.65053,0.649359046,-0.20000000000000026,Stop Loss
2024-03-06 22:00:00+00:00,AUDUSD,0.7012088542858005,LONG,0.65636,0.66202,0.8423316472667435,Time
2024-03-07 22:00:00+00:00,AUDUSD,0.7328191272584561,LONG,0.66183,0.66251,0.08274541800764758,Time
2024-03-10 21:00:00+00:00,AUDUSD,0.7054727055936677,LONG,0.66274,0.661547068,-0.20000000000000534,Stop Loss
2024-03-11 21:00:00+00:00,AUDUSD,0.7218545910643995,LONG,0.66106,0.659870092,-0.1999999999999942,Stop Loss
2024-03-12 21:00:00+00:00,AUDUSD,0.6987952846959727,LONG,0.66052,0.66216,0.22828922666989265,Time
2024-03-13 21:00:00+00:00,AUDUSD,0.7374679290988886,LONG,0.66218,0.660988076,-0.20000000000000162,Stop Loss
2024-03-14 21:00:00+00:00,AUDUSD,0.7365846860069595,LONG,0.658,0.6568156,-0.19999999999999607,Stop Loss
2024-03-17 21:00:00+00:00,AUDUSD,0.7263073532358244,LONG,0.65614,0.65596,-0.04743316975035175,Time
2024-03-18 21:00:00+00:00,USDJPY,0.7471570246681601,SHORT,149.16,149.428488,-0.1999999999999938,Stop Loss
2024-03-19 21:00:00+00:00,AUDUSD,0.7560805271308402,LONG,0.65332,0.652144024,-0.19999999999999502,Stop Loss
2024-03-20 21:00:00+00:00,AUDUSD,0.7897128593606622,LONG,0.6587,0.65751434,-0.19999999999999657,Stop Loss
2024-03-21 21:00:00+00:00,AUDUSD,0.839213897575115,LONG,0.65698,0.655797436,-0.20000000000000798,Stop Loss
2024-03-24 21:00:00+00:00,AUDUSD,0.8287081632341006,LONG,0.65145,0.65403,0.3760396039604001,Time
2024-03-25 21:00:00+00:00,AUDUSD,0.7636583883254819,LONG,0.65378,0.65334,-0.08730092691731102,Time
2024-03-26 21:00:00+00:00,AUDUSD,0.7237299474008658,LONG,0.65334,0.652163988,-0.2000000000000091,Stop Loss
2024-03-27 21:00:00+00:00,AUDUSD,0.7269143576273909,LONG,0.65342,0.652243844,-0.1999999999999975,Stop Loss
2024-03-28 21:00:00+00:00,AUDUSD,0.7237130579672001,LONG,0.6518,0.6506267600000001,-0.1999999999999945,Stop Loss
2024-03-31 21:00:00+00:00,AUDUSD,0.7303431380101975,LONG,0.65184,0.6506666879999999,-0.20000000000000573,Stop Loss
2024-04-01 21:00:00+00:00,AUDUSD,0.7339017227019642,LONG,0.64884,0.6518,0.436198754700708,Time
2024-04-02 21:00:00+00:00,AUDUSD,0.7331837735627328,LONG,0.65194,0.6507665079999999,-0.20000000000000825,Stop Loss
2024-04-03 21:00:00+00:00,AUDUSD,0.7582542694497135,LONG,0.65606,0.65875,0.3900234734627885,Time
2024-04-04 21:00:00+00:00,AUDUSD,0.7811414327404085,LONG,0.65878,0.657594196,-0.20000000000000187,Stop Loss
2024-04-07 21:00:00+00:00,AUDUSD,0.7681991715605141,LONG,0.65748,0.6562965359999999,-0.2000000000000035,Stop Loss
2024-04-08 21:00:00+00:00,AUDUSD,0.7336175275106563,LONG,0.6604,0.66286,0.35250151423380033,Time
2024-04-09 21:00:00+00:00,AUDUSD,0.8114066355908947,LONG,0.66296,0.661766672,-0.20000000000000737,Stop Loss
2024-04-10 21:00:00+00:00,AUDUSD,0.7910285993986423,LONG,0.6516,0.6504271199999999,-0.2000000000000066,Stop Loss
2024-04-11 21:00:00+00:00,AUDUSD,0.8560773199750629,LONG,0.65378,0.652603196,-0.19999999999999626,Stop Loss
2024-04-14 21:00:00+00:00,AUDUSD,0.8884084483618817,LONG,0.6466,0.64543612,-0.20000000000000093,Stop Loss
2024-04-15 21:00:00+00:00,AUDUSD,0.9251324487054174,LONG,0.64428,0.643120296,-0.19999999999999746,Stop Loss
2024-04-16 21:00:00+00:00,AUDUSD,0.9098396320238686,LONG,0.64033,0.64352,0.47818062561492136,Time
2024-04-17 21:00:00+00:00,AUDUSD,0.9247558235254848,LONG,0.64369,0.6425313579999999,-0.20000000000000667,Stop Loss
2024-04-18 21:00:00+00:00,AUDUSD,0.9393809879972936,LONG,0.64218,0.641024076,-0.19999999999999607,Stop Loss
2024-04-21 21:00:00+00:00,AUDUSD,0.9361072469675102,LONG,0.64148,0.64492,0.5162598989836001,Time
2024-04-22 21:00:00+00:00,AUDUSD,0.9115472190047537,LONG,0.64485,0.64874,0.583241063813282,Time
2024-04-23 21:00:00+00:00,AUDUSD,0.8974604200607266,LONG,0.64836,0.64977,0.19747177493983456,Time
2024-04-24 21:00:00+00:00,AUDUSD,0.9058832553501586,LONG,0.64946,0.65185,0.34799802913189465,Time
2024-04-25 21:00:00+00:00,AUDUSD,0.8887849118648964,LONG,0.65182,0.65338,0.21932987634623147,Time
2024-04-28 21:00:00+00:00,AUDUSD,0.8970180621973134,LONG,0.6531,0.65662,0.5189679987750677,Time
2024-04-29 21:00:00+00:00,AUDUSD,0.8694491098050556,LONG,0.65658,0.6553981560000001,-0.19999999999999807,Stop Loss
2024-04-30 21:00:00+00:00,USDJPY,1.0825145639509597,LONG,157.724,157.4400968,-0.1999999999999984,Stop Loss
2024-05-01 21:00:00+00:00,USDJPY,1.2010270082342858,SHORT,154.75,155.02855,-0.19999999999999715,Stop Loss
2024-05-02 21:00:00+00:00,USDJPY,1.2278594960444043,SHORT,153.692,152.984,0.4406615829060708,Time
2024-05-05 21:00:00+00:00,USDJPY,1.2348543989425345,SHORT,153.013,153.2884234,-0.19999999999999607,Stop Loss
2024-05-06 21:00:00+00:00,USDJPY,1.2428383035783535,SHORT,153.888,154.1649984,-0.19999999999999774,Stop Loss
2024-05-07 21:00:00+00:00,USDJPY,1.2536694332080478,SHORT,154.685,154.963433,-0.2000000000000044,Stop Loss
2024-05-08 21:00:00+00:00,USDJPY,1.2409876447926103,SHORT,155.491,155.7708838,-0.19999999999999563,Stop Loss
2024-05-09 21:00:00+00:00,USDJPY,1.2495368689036346,LONG,155.546,155.2660172,-0.19999999999999943,Stop Loss
2024-05-12 21:00:00+00:00,USDJPY,1.2654153338563967,LONG,155.705,156.222,0.3120381490639323,Time
2024-05-13 21:00:00+00:00,USDJPY,1.2627201221533533,LONG,156.209,156.431,0.12211729157731525,Time
2024-05-14 21:00:00+00:00,USDJPY,1.3360262280568271,LONG,156.425,156.143435,-0.20000000000000032,Stop Loss
2024-05-15 21:00:00+00:00,USDJPY,1.2611395991490966,LONG,154.852,154.5732664,-0.20000000000000617,Stop Loss
2024-05-16 21:00:00+00:00,USDJPY,1.0308455117696822,LONG,155.39,155.642,0.1421725979792841,Time
2024-05-19 21:00:00+00:00,USDJPY,0.9819623157563702,LONG,155.602,156.276,0.41315638616470646,Time
2024-05-20 21:00:00+00:00,USDJPY,0.7867404689346342,LONG,156.214,155.9328148,-0.20000000000000648,Stop Loss
2024-05-21 21:00:00+00:00,AUDUSD,0.7924157727753413,LONG,0.66645,0.66525039,-0.20000000000000262,Stop Loss
2024-05-22 21:00:00+00:00,AUDUSD,0.7608813163527837,LONG,0.66157,0.660379174,-0.19999999999999668,Stop Loss
2024-05-23 21:00:00+00:00,AUDUSD,0.7704327959306808,LONG,0.66053,0.659341046,-0.1999999999999946,Stop Loss
2024-05-26 21:00:00+00:00,AUDUSD,0.7463599788747778,LONG,0.66264,0.66542,0.39953398527103773,Time
2024-05-27 21:00:00+00:00,AUDUSD,0.7424944892987095,LONG,0.66545,0.66494,-0.09663986775866112,Time
2024-05-28 21:00:00+00:00,AUDUSD,0.7477394927473561,LONG,0.66532,0.664122424,-0.200000000000005,Stop Loss
2024-05-30 21:00:00+00:00,AUDUSD,0.7785259107851368,SHORT,0.66366,0.6648545880000001,-0.2000000000000078,Stop Loss
2024-06-02 21:00:00+00:00,AUDUSD,0.7892016794160465,LONG,0.66547,0.664272154,-0.2000000000000087,Stop Loss
2024-06-03 21:00:00+00:00,AUDUSD,0.7878862092522633,LONG,0.6682,0.66699724,-0.1999999999999954,Stop Loss
2024-06-04 21:00:00+00:00,AUDUSD,0.7649262150819066,LONG,0.66487,0.663673234,-0.19999999999999402,Stop Loss
2024-06-05 21:00:00+00:00,AUDUSD,0.7606261585111032,LONG,0.66487,0.663673234,-0.19999999999999402,Stop Loss
2024-06-06 21:00:00+00:00,AUDUSD,0.8304133178757014,LONG,0.66665,0.6654500299999999,-0.20000000000000753,Stop Loss
2024-06-09 21:00:00+00:00,AUDUSD,0.8293662198576768,LONG,0.65804,0.66109,0.4434976597167341,Time
2024-06-10 21:00:00+00:00,AUDUSD,0.7733463666128856,LONG,0.6611,0.65991002,-0.20000000000000526,Stop Loss
2024-06-11 21:00:00+00:00,AUDUSD,0.822440005402886,SHORT,0.66078,0.661969404,-0.20000000000000073,Stop Loss
2024-06-12 21:00:00+00:00,AUDUSD,0.8310228437104408,LONG,0.66648,0.6652803359999999,-0.2000000000000067,Stop Loss
2024-06-13 21:00:00+00:00,AUDUSD,0.8473167044595572,LONG,0.66346,0.662265772,-0.2000000000000029,Stop Loss
2024-06-16 21:00:00+00:00,AUDUSD,0.8427633824603197,LONG,0.66078,0.659590596,-0.20000000000000073,Stop Loss
2024-06-17 21:00:00+00:00,AUDUSD,0.8382909680908559,LONG,0.66104,0.66564,0.6758731695510178,Time
2024-06-18 21:00:00+00:00,AUDUSD,0.8001455978074637,LONG,0.66552,0.6672,0.23243418680130049,Time
2024-06-19 21:00:00+00:00,AUDUSD,0.7866157280219734,LONG,0.6673,0.66609886,-0.20000000000000673,Stop Loss
2024-06-20 21:00:00+00:00,AUDUSD,0.7624095929369507,LONG,0.66542,0.664222244,-0.20000000000000748,Stop Loss
2024-06-25 21:00:00+00:00,AUDUSD,0.7350444615404425,LONG,0.66456,0.66478,0.013104610569398992,Time
2024-06-26 21:00:00+00:00,AUDUSD,0.660106081185631,SHORT,0.66492,0.6661168559999999,-0.19999999999999526,Stop Loss
2024-06-27 21:00:00+00:00,AUDUSD,0.6895584213085196,SHORT,0.6648,0.6659966399999999,-0.19999999999999565,Stop Loss
2024-06-30 21:00:00+00:00,AUDUSD,0.712333527836889,SHORT,0.66822,0.66592,0.32419801861663516,Time
2024-07-01 21:00:00+00:00,AUDUSD,0.6357634625645229,SHORT,0.66572,0.666918296,-0.19999999999999815,Stop Loss
2024-07-03 21:00:00+00:00,AUDUSD,0.6277159253579806,SHORT,0.67058,0.671787044,-0.20000000000000687,Stop Loss
2024-07-04 21:00:00+00:00,AUDUSD,0.6355438901001199,LONG,0.6727,0.6714891399999999,-0.2000000000000053,Stop Loss
2024-07-07 21:00:00+00:00,AUDUSD,0.6064049937239195,LONG,0.67372,0.67376,-0.01406281541292525,Time
2024-07-08 21:00:00+00:00,AUDUSD,0.6069288214900271,LONG,0.6736,0.67412,0.057197149643716735,Time
2024-07-09 21:00:00+00:00,AUDUSD,0.5940030150072846,SHORT,0.67414,0.67472,-0.10603554157890424,Time
2024-07-10 21:00:00+00:00,USDJPY,0.7001170532781194,LONG,161.62,161.329084,-0.20000000000000615,Stop Loss
2024-07-11 21:00:00+00:00,USDJPY,0.7453341404204968,LONG,158.866,158.5800412,-0.20000000000000193,Stop Loss
2024-07-14 21:00:00+00:00,USDJPY,0.7753289794679189,LONG,158.128,157.8433696,-0.19999999999999843,Stop Loss
2024-07-15 21:00:00+00:00,USDJPY,0.7549126588328616,LONG,158.048,158.41,0.20904434095970514,Time
2024-07-16 21:00:00+00:00,USDJPY,0.8579750435526095,LONG,158.33,158.045006,-0.20000000000000737,Stop Loss
2024-07-17 21:00:00+00:00,USDJPY,0.8976572670475866,LONG,156.165,155.88390299999998,-0.20000000000001075,Stop Loss
2024-07-18 21:00:00+00:00,USDJPY,0.8931463007296279,LONG,157.353,157.0697646,-0.19999999999999696,Stop Loss
2024-07-21 21:00:00+00:00,USDJPY,0.934449372546307,LONG,157.426,157.14263319999998,-0.2000000000000065,Stop Loss
2024-07-22 21:00:00+00:00,USDJPY,0.9595663773523225,LONG,156.971,156.6884522,-0.20000000000000204,Stop Loss
2024-07-23 21:00:00+00:00,USDJPY,1.0689756640022716,LONG,155.566,155.2859812,-0.19999999999999576,Stop Loss
2024-07-24 21:00:00+00:00,USDJPY,1.1302964371110742,LONG,153.89,153.61299799999998,-0.20000000000000662,Stop Loss
2024-07-25 21:00:00+00:00,USDJPY,1.1677204457927035,LONG,153.931,153.6539242,-0.2000000000000037,Stop Loss
2024-07-28 21:00:00+00:00,USDJPY,1.1912490864369738,LONG,153.738,153.4612716,-0.19999999999999746,Stop Loss
2024-07-29 21:00:00+00:00,USDJPY,1.2958363413968137,LONG,153.964,153.6868648,-0.20000000000000231,Stop Loss
2024-07-30 21:00:00+00:00,USDJPY,1.3182182718006066,LONG,152.78,152.504996,-0.1999999999999971,Stop Loss
2024-07-31 21:00:00+00:00,USDJPY,1.3379076545746569,LONG,149.957,149.6870774,-0.20000000000000068,Stop Loss
2024-08-01 21:00:00+00:00,USDJPY,1.465800109570668,LONG,149.352,149.0831664,-0.19999999999999568,Stop Loss
2024-08-04 21:00:00+00:00,USDJPY,1.6937029045380094,SHORT,146.5,143.57,1.9800000000000044,Take Profit
2024-08-05 21:00:00+00:00,USDJPY,1.7011610297829403,SHORT,144.195,144.454551,-0.20000000000001114,Stop Loss
2024-08-06 21:00:00+00:00,USDJPY,1.7500024343456988,SHORT,144.315,144.574767,-0.20000000000000745,Stop Loss
2024-08-07 21:00:00+00:00,USDJPY,1.8017913157848815,SHORT,146.678,146.9420204,-0.19999999999999496,Stop Loss
2024-08-08 21:00:00+00:00,USDJPY,1.8206432780445245,SHORT,147.253,147.51805539999998,-0.19999999999999613,Stop Loss
2024-08-11 21:00:00+00:00,USDJPY,1.8167586878226383,SHORT,146.641,146.9049538,-0.1999999999999972,Stop Loss
2024-08-12 21:00:00+00:00,USDJPY,1.746657561537447,SHORT,147.206,147.4709708,-0.20000000000000992,Stop Loss
2024-08-13 21:00:00+00:00,USDJPY,1.6989486300772114,SHORT,146.789,147.0532202,-0.2000000000000076,Stop Loss
2024-08-14 21:00:00+00:00,USDJPY,1.7102608955269598,SHORT,147.27,147.535086,-0.19999999999999765,Stop Loss
2024-08-15 21:00:00+00:00,USDJPY,1.750777133876071,SHORT,149.316,147.612,1.1212038897372067,Time
2024-08-18 21:00:00+00:00,USDJPY,1.777114949495346,LONG,147.586,147.32034520000002,-0.1999999999999952,Stop Loss
2024-08-19 21:00:00+00:00,USDJPY,1.6876456647228346,SHORT,146.602,146.86588360000002,-0.20000000000000953,Stop Loss
2024-08-20 21:00:00+00:00,USDJPY,1.6906839822072632,SHORT,145.226,145.4874068,-0.20000000000000218,Stop Loss
2024-08-21 21:00:00+00:00,USDJPY,1.5969516779440944,SHORT,145.257,145.51846260000002,-0.20000000000001084,Stop Loss
2024-08-22 21:00:00+00:00,USDJPY,1.4933185053556866,SHORT,146.268,144.386,1.266679246314987,Time
2024-08-25 21:00:00+00:00,USDJPY,1.4157806711292673,SHORT,144.243,144.5026374,-0.2000000000000018,Stop Loss
2024-08-26 21:00:00+00:00,USDJPY,1.3049307417647336,SHORT,144.556,144.81620080000002,-0.20000000000000473,Stop Loss
2024-08-27 21:00:00+00:00,USDJPY,1.2617363064486358,SHORT,143.968,144.2271424,-0.20000000000000123,Stop Loss
2024-08-28 21:00:00+00:00,USDJPY,1.2475307030291705,SHORT,144.531,144.7911558,-0.2000000000000047,Stop Loss
2024-08-29 21:00:00+00:00,USDJPY,1.2370275771163601,SHORT,144.971,145.2319478,-0.19999999999999774,Stop Loss
2024-09-01 21:00:00+00:00,USDJPY,1.2332773887152662,LONG,146.084,145.8210488,-0.20000000000000231,Stop Loss
2024-09-02 21:00:00+00:00,USDJPY,1.2733358994803567,LONG,146.908,146.6435656,-0.1999999999999993,Stop Loss
2024-09-03 21:00:00+00:00,USDJPY,1.2642488900550735,LONG,145.504,145.2420928,-0.19999999999999726,Stop Loss
2024-09-05 21:00:00+00:00,USDJPY,1.2296752252062342,LONG,143.441,143.1828062,-0.20000000000001045,Stop Loss
2024-09-10 21:00:00+00:00,USDJPY,1.175474193554861,LONG,142.443,142.18660260000001,-0.1999999999999981,Stop Loss
2024-09-11 21:00:00+00:00,USDJPY,1.1235807917446927,SHORT,142.332,142.5881976,-0.2000000000000051,Stop Loss
2024-09-12 21:00:00+00:00,USDJPY,1.15109854994248,SHORT,141.834,140.822,0.6935101597642317,Time
2024-09-15 21:00:00+00:00,USDJPY,1.1577780577410752,SHORT,140.805,140.608,0.11990980433933647,Time
2024-09-16 21:00:00+00:00,USDJPY,1.18271813999402,SHORT,140.613,140.86610340000001,-0.20000000000001047,Stop Loss
2024-09-17 21:00:00+00:00,USDJPY,1.2308225229928895,SHORT,142.38,142.636284,-0.1999999999999956,Stop Loss
2024-09-18 21:00:00+00:00,USDJPY,1.251036604664017,SHORT,142.248,142.5040464,-0.20000000000000173,Stop Loss
2024-09-19 21:00:00+00:00,USDJPY,1.307075359326608,SHORT,142.604,142.86068720000003,-0.2000000000000112,Stop Loss
2024-09-22 21:00:00+00:00,USDJPY,1.2709554449338836,SHORT,143.942,144.2010956,-0.19999999999999643,Stop Loss
2024-09-23 21:00:00+00:00,USDJPY,1.260263642964864,SHORT,143.536,143.7943648,-0.20000000000000667,Stop Loss
2024-09-24 21:00:00+00:00,USDJPY,1.275092544253964,SHORT,143.217,143.4747906,-0.1999999999999949,Stop Loss
2024-09-25 21:00:00+00:00,USDJPY,1.2147612207691738,LONG,144.709,144.4485238,-0.19999999999999954,Stop Loss
2024-09-29 21:00:00+00:00,USDJPY,1.390606024135928,SHORT,142.293,142.5491274,-0.1999999999999978,Stop Loss
2024-09-30 21:00:00+00:00,USDJPY,1.377187474813003,SHORT,143.646,143.90456279999998,-0.19999999999999504,Stop Loss
2024-10-01 21:00:00+00:00,USDJPY,1.4363348736684582,SHORT,143.581,143.8394458,-0.20000000000000281,Stop Loss
2024-10-02 21:00:00+00:00,USDJPY,1.4007203371294383,SHORT,146.386,146.64949479999999,-0.1999999999999928,Stop Loss
2024-10-03 21:00:00+00:00,USDJPY,1.46760443225857,LONG,146.896,146.63158719999998,-0.2000000000000016,Stop Loss
2024-10-06 21:00:00+00:00,USDJPY,1.4314828865080893,LONG,148.723,148.45529860000002,-0.19999999999999518,Stop Loss
2024-10-07 21:00:00+00:00,USDJPY,1.3717169886618843,LONG,148.182,147.9152724,-0.1999999999999972,Stop Loss
2024-10-08 21:00:00+00:00,USDJPY,1.3275475077449428,LONG,148.208,149.314,0.7262485155996941,Time
2024-10-09 21:00:00+00:00,USDJPY,1.2671043219419869,LONG,149.243,148.97436259999998,-0.20000000000001147,Stop Loss
2024-10-10 21:00:00+00:00,USDJPY,1.2426046272808764,LONG,148.575,149.128,0.35220259128386155,Time
2024-10-14 21:00:00+00:00,USDJPY,1.164555168455527,SHORT,149.827,149.217,0.3871362304524453,Time
2024-10-15 21:00:00+00:00,USDJPY,1.1536596355638356,LONG,149.274,149.0053068,-0.20000000000000084,Stop Loss
2024-10-16 21:00:00+00:00,USDJPY,0.9901602115739945,SHORT,149.598,149.8672764,-0.1999999999999969,Stop Loss
2024-10-17 21:00:00+00:00,USDJPY,0.9303249832096294,LONG,150.235,149.96457700000002,-0.19999999999999588,Stop Loss
2024-10-20 21:00:00+00:00,USDJPY,0.9337402463073774,LONG,149.517,149.24786939999998,-0.20000000000000742,Stop Loss
2024-10-21 21:00:00+00:00,USDJPY,0.819310211807597,LONG,150.794,150.5225708,-0.2,Stop Loss
2024-10-22 21:00:00+00:00,USDJPY,0.8663690398261368,LONG,151.064,152.764,1.105350844675116,Time
2024-10-23 21:00:00+00:00,USDJPY,0.786614752602133,LONG,152.694,152.41915079999998,-0.20000000000000365,Stop Loss
2024-10-24 21:00:00+00:00,USDJPY,0.7673093662299469,LONG,151.853,151.5796646,-0.20000000000000503,Stop Loss
2024-10-27 21:00:00+00:00,USDJPY,0.7876349146293972,LONG,153.207,152.93122739999998,-0.20000000000000684,Stop Loss
2024-10-28 21:00:00+00:00,USDJPY,0.7760147993315712,LONG,153.291,153.01507619999998,-0.20000000000000995,Stop Loss
2024-10-29 21:00:00+00:00,USDJPY,0.745620978330711,LONG,153.367,153.0909394,-0.19999999999999601,Stop Loss
2024-10-30 21:00:00+00:00,USDJPY,0.7952689764294452,LONG,153.384,153.1079088,-0.19999999999999754,Stop Loss
2024-10-31 21:00:00+00:00,USDJPY,0.808979447776287,LONG,152.028,152.997,0.617382587418122,Time
2024-11-03 22:00:00+00:00,USDJPY,0.8354476974246393,LONG,152.334,152.0597988,-0.1999999999999955,Stop Loss
2024-11-04 22:00:00+00:00,USDJPY,0.8504814668249584,SHORT,152.14,152.413852,-0.20000000000000334,Stop Loss
2024-11-05 22:00:00+00:00,USDJPY,0.9418578653377462,SHORT,151.596,151.86887280000002,-0.20000000000001056,Stop Loss
2024-11-06 22:00:00+00:00,USDJPY,1.0038584788437646,LONG,154.59,154.311738,-0.2000000000000079,Stop Loss
2024-11-07 22:00:00+00:00,AUDUSD,1.0093710257779154,LONG,0.66764,0.666438248,-0.20000000000000837,Stop Loss
2024-11-10 22:00:00+00:00,AUDUSD,1.0011472724033168,LONG,0.65866,0.657474412,-0.2000000000000023,Stop Loss
2024-11-11 22:00:00+00:00,AUDUSD,0.9964031529807902,LONG,0.65753,0.6563464459999999,-0.20000000000000473,Stop Loss
2024-11-12 22:00:00+00:00,AUDUSD,1.031452358926919,LONG,0.65356,0.6523835920000001,-0.19999999999999418,Stop Loss
2024-11-13 22:00:00+00:00,AUDUSD,1.048864375794007,LONG,0.64874,0.647572268,-0.19999999999999643,Stop Loss
2024-11-14 22:00:00+00:00,AUDUSD,1.0489116256858981,SHORT,0.64556,0.646722008,-0.19999999999999876,Stop Loss
2024-11-17 22:00:00+00:00,AUDUSD,1.0664895952234597,SHORT,0.64642,0.6475835560000001,-0.20000000000001014,Stop Loss
2024-11-18 22:00:00+00:00,USDJPY,1.088360157843398,LONG,154.663,154.3846066,-0.1999999999999992,Stop Loss
2024-11-19 22:00:00+00:00,AUDUSD,1.0754140261656604,SHORT,0.65296,0.654135328,-0.19999999999999624,Stop Loss
2024-11-20 22:00:00+00:00,USDJPY,1.078980743348174,LONG,155.43,155.150226,-0.20000000000000212,Stop Loss
2024-11-21 22:00:00+00:00,AUDUSD,1.063385605288139,SHORT,0.65122,0.65008,0.15505604864715916,Time
2024-11-24 22:00:00+00:00,USDJPY,1.063216660103314,LONG,154.249,153.97135179999998,-0.20000000000001023,Stop Loss
2024-11-25 22:00:00+00:00,AUDUSD,1.0021888404441233,SHORT,0.65024,0.64744,0.41061023622047615,Time
2024-11-26 22:00:00+00:00,USDJPY,1.0303747616558212,SHORT,153.089,151.117,1.2681395789377474,Time
2024-11-27 22:00:00+00:00,USDJPY,1.0179775619816789,SHORT,151.108,151.37999440000002,-0.20000000000000737,Stop Loss
2024-11-28 22:00:00+00:00,USDJPY,1.0673498010704967,SHORT,151.551,149.73,1.181575707187678,Time
2024-12-01 22:00:00+00:00,USDJPY,1.0758454060145326,SHORT,149.696,149.9654528,-0.20000000000000698,Stop Loss
2024-12-02 22:00:00+00:00,USDJPY,1.0904607839017832,SHORT,149.592,149.86126560000002,-0.20000000000000753,Stop Loss
2024-12-03 22:00:00+00:00,USDJPY,1.1131164985745197,SHORT,149.608,149.8772944,-0.20000000000000454,Stop Loss
2024-12-04 22:00:00+00:00,USDJPY,1.0329510725921027,SHORT,150.577,150.097,0.29877378351274747,Time
2024-12-05 22:00:00+00:00,USDJPY,1.0245702631834486,SHORT,150.129,150.3992322,-0.2000000000000063,Stop Loss
2024-12-08 22:00:00+00:00,USDJPY,1.023181598319147,SHORT,149.979,150.24896220000002,-0.20000000000000598,Stop Loss
2024-12-09 22:00:00+00:00,USDJPY,1.0146269470478178,SHORT,151.219,151.4911942,-0.20000000000000084,Stop Loss
2024-12-10 22:00:00+00:00,USDJPY,1.0272079395687261,SHORT,151.944,152.2174992,-0.20000000000000223,Stop Loss
2024-12-11 22:00:00+00:00,USDJPY,1.021858736616121,SHORT,152.428,152.7023704,-0.20000000000000612,Stop Loss
2024-12-12 22:00:00+00:00,USDJPY,1.0212980792027837,SHORT,152.626,152.9007268,-0.19999999999999754,Stop Loss
2024-12-15 22:00:00+00:00,USDJPY,1.0017681532251177,SHORT,153.62,153.89651600000002,-0.2000000000000098,Stop Loss
2024-12-16 22:00:00+00:00,USDJPY,0.931889466973186,SHORT,154.156,153.49,0.41202989179791694,Time
2024-12-17 22:00:00+00:00,AUDUSD,1.0295989596018527,SHORT,0.63389,0.62174,1.8967363422675851,Time
2024-12-18 22:00:00+00:00,AUDUSD,1.0615934893817731,SHORT,0.62182,0.6229392760000001,-0.20000000000000928,Stop Loss
2024-12-19 22:00:00+00:00,AUDUSD,1.0441590851438693,SHORT,0.6236,0.6247224800000001,-0.2000000000000059,Stop Loss
2024-12-22 22:00:00+00:00,AUDUSD,1.0410165314385376,SHORT,0.62574,0.62487,0.11903538210757288,Time
2024-12-23 22:00:00+00:00,AUDUSD,0.9878979637625742,SHORT,0.62478,0.625904604,-0.20000000000000462,Stop Loss
2024-12-25 22:00:00+00:00,AUDUSD,0.9968379501098795,SHORT,0.62465,0.62211,0.38662771151844816,Time
2024-12-26 22:00:00+00:00,AUDUSD,0.9344194489763094,SHORT,0.62252,0.6217,0.11172267557667738,Time
2024-12-29 22:00:00+00:00,AUDUSD,0.8797408191474226,SHORT,0.62185,0.62296933,-0.1999999999999958,Stop Loss
2024-12-30 22:00:00+00:00,USDJPY,0.8844796673273233,LONG,156.887,156.6046034,-0.19999999999999898,Stop Loss
2025-01-01 22:00:00+00:00,USDJPY,0.8622300005440793,LONG,157.236,156.9529752,-0.19999999999999532,Stop Loss
2025-01-02 22:00:00+00:00,USDJPY,0.8507834382640469,LONG,157.505,157.221491,-0.20000000000000592,Stop Loss
2025-01-05 22:00:00+00:00,USDJPY,0.8662951384169275,LONG,157.249,156.9659518,-0.1999999999999975,Stop Loss
2025-01-06 22:00:00+00:00,AUDUSD,0.8871256167122165,SHORT,0.62437,0.625493866,-0.20000000000000462,Stop Loss
2025-01-07 22:00:00+00:00,GBPUSD,0.9077484464513917,SHORT,1.24764,1.23634,0.8857099804430835,Time
2025-01-08 22:00:00+00:00,GBPUSD,0.8902962353353583,SHORT,1.23632,1.23073,0.4321483111168616,Time
2025-01-09 22:00:00+00:00,GBPUSD,0.873447522940504,SHORT,1.23075,1.22086,0.7835750558602441,Time
2025-01-12 22:00:00+00:00,GBPUSD,0.8574893647906092,SHORT,1.22014,1.22034,-0.03639156162407412,Time
2025-01-13 22:00:00+00:00,GBPUSD,0.8762799792303057,SHORT,1.22012,1.222316216,-0.19999999999999776,Stop Loss
2025-01-14 22:00:00+00:00,GBPUSD,0.9258405780698895,SHORT,1.22148,1.223678664,-0.20000000000000137,Stop Loss
2025-01-15 22:00:00+00:00,GBPUSD,0.946493939450536,SHORT,1.224,1.22384,-0.006928104575168466,Time
2025-01-16 22:00:00+00:00,GBPUSD,0.9498764374057155,SHORT,1.22412,1.21685,0.5738960232657018,Time
2025-01-19 22:00:00+00:00,GBPUSD,0.986244484817028,SHORT,1.21788,1.2200721840000002,-0.20000000000000795,Stop Loss
2025-01-20 22:00:00+00:00,GBPUSD,1.0230179028133017,SHORT,1.23276,1.234978968,-0.19999999999999898,Stop Loss
2025-01-21 22:00:00+00:00,AUDUSD,0.9596904944074005,SHORT,0.6275,0.6286295,-0.20000000000000087,Stop Loss
2025-01-22 22:00:00+00:00,AUDUSD,0.9760200022729827,SHORT,0.6273,0.6284291399999999,-0.19999999999999568,Stop Loss
2025-01-23 22:00:00+00:00,GBPUSD,0.9676249071572199,SHORT,1.23556,1.237784008,-0.19999999999999996,Stop Loss
2025-01-26 22:00:00+00:00,GBPUSD,0.9655505815475098,SHORT,1.2471,1.2493447800000002,-0.20000000000000456,Stop Loss
2025-01-27 22:00:00+00:00,USDJPY,0.9350275272838795,SHORT,154.509,154.78711619999999,-0.19999999999999965,Stop Loss
2025-01-28 22:00:00+00:00,USDJPY,0.937934207499422,SHORT,155.529,155.25,0.15938776691163475,Time
2025-01-29 22:00:00+00:00,USDJPY,0.9349602153454946,SHORT,155.182,154.277,0.56318619427511,Time
2025-01-30 22:00:00+00:00,USDJPY,0.9410134982764717,SHORT,154.2,154.47755999999998,-0.19999999999999613,Stop Loss
2025-02-02 22:00:00+00:00,AUDUSD,1.0293395616043581,SHORT,0.61596,0.617068728,-0.20000000000000956,Stop Loss
2025-02-03 22:00:00+00:00,AUDUSD,1.0540270203611823,SHORT,0.6225,0.6236205,-0.19999999999999496,Stop Loss
2025-02-04 22:00:00+00:00,AUDUSD,1.051710421638821,SHORT,0.62539,0.6265157020000001,-0.20000000000000986,Stop Loss
2025-02-05 22:00:00+00:00,USDJPY,1.019795107247074,SHORT,152.572,152.8466296,-0.19999999999999818,Stop Loss
2025-02-06 22:00:00+00:00,USDJPY,1.0355303130365856,SHORT,151.434,151.7065812,-0.19999999999999374,Stop Loss
2025-02-09 22:00:00+00:00,USDJPY,1.023865603717439,SHORT,151.358,151.63044440000002,-0.20000000000000787,Stop Loss
2025-02-10 22:00:00+00:00,USDJPY,1.0018201285799535,SHORT,152.022,152.2956396,-0.19999999999999715,Stop Loss
2025-02-11 22:00:00+00:00,USDJPY,1.0539900457009654,SHORT,152.456,152.7304208,-0.20000000000000095,Stop Loss
2025-02-12 22:00:00+00:00,USDJPY,1.0759578871793736,SHORT,154.356,154.6338408,-0.2000000000000045,Stop Loss
2025-02-13 22:00:00+00:00,USDJPY,1.0135680145265744,SHORT,152.844,153.1191192,-0.20000000000000392,Stop Loss
2025-02-16 22:00:00+00:00,USDJPY,0.9984517350562272,SHORT,152.236,151.506,0.45951864210829885,Time
2025-02-17 22:00:00+00:00,USDJPY,1.0013509171769406,SHORT,151.484,151.7566712,-0.19999999999999382,Stop Loss
2025-02-18 22:00:00+00:00,USDJPY,0.9870412811589289,SHORT,152.022,152.2956396,-0.19999999999999715,Stop Loss
2025-02-19 22:00:00+00:00,USDJPY,1.035787568066654,SHORT,151.428,149.617,1.1759479092373981,Time
2025-02-20 22:00:00+00:00,USDJPY,1.0348499969858735,SHORT,149.602,149.8712836,-0.19999999999999618,Stop Loss
2025-02-23 22:00:00+00:00,USDJPY,1.0166255417327432,SHORT,149.244,149.5126392,-0.19999999999999699,Stop Loss
2025-02-24 22:00:00+00:00,USDJPY,0.992204620095055,SHORT,149.685,149.954433,-0.19999999999999482,Stop Loss
2025-02-25 22:00:00+00:00,USDJPY,0.9729719889082438,SHORT,149.007,149.2752126,-0.19999999999999882,Stop Loss
2025-02-26 22:00:00+00:00,USDJPY,0.9644480768735579,SHORT,149.078,149.3463404,-0.1999999999999997,Stop Loss
2025-02-27 22:00:00+00:00,USDJPY,0.987062996756263,SHORT,149.772,150.0415896,-0.2000000000000117,Stop Loss
2025-03-02 22:00:00+00:00,USDJPY,1.053918992518416,SHORT,150.706,150.97727079999999,-0.1999999999999976,Stop Loss
2025-03-03 22:00:00+00:00,USDJPY,1.0222676987247385,SHORT,149.526,149.79514680000003,-0.20000000000001045,Stop Loss
2025-03-04 22:00:00+00:00,USDJPY,1.0200312394461322,SHORT,149.749,150.0185482,-0.2000000000000018,Stop Loss
2025-03-05 22:00:00+00:00,USDJPY,1.0695027135771524,SHORT,148.852,149.1199336,-0.19999999999999468,Stop Loss
2025-03-06 22:00:00+00:00,USDJPY,1.0793369862907944,SHORT,148.016,148.034,-0.03216084747594901,Time
2025-03-09 21:00:00+00:00,USDJPY,1.1047810469277304,SHORT,147.945,147.269,0.4369265605461406,Time
2025-03-10 21:00:00+00:00,USDJPY,1.1254485553424483,SHORT,147.274,147.5390932,-0.19999999999999693,Stop Loss
2025-03-11 21:00:00+00:00,USDJPY,1.0959363443479395,SHORT,147.776,148.04199680000002,-0.20000000000000714,Stop Loss
2025-03-12 21:00:00+00:00,USDJPY,1.0582404348557275,SHORT,148.224,147.806,0.2620056131260646,Time
2025-03-13 21:00:00+00:00,USDJPY,1.0640015608495863,SHORT,147.8,148.06604000000002,-0.20000000000000256,Stop Loss
2025-03-16 21:00:00+00:00,USDJPY,1.0268434592704572,SHORT,148.75,149.01775,-0.20000000000000442,Stop Loss
2025-03-17 21:00:00+00:00,USDJPY,1.0058144987339404,SHORT,149.214,149.4825852,-0.19999999999999313,Stop Loss
2025-03-18 21:00:00+00:00,USDJPY,1.0156114900566833,SHORT,149.301,149.5697418,-0.20000000000001006,Stop Loss
2025-03-19 21:00:00+00:00,AUDUSD,0.9987307631286694,LONG,0.63572,0.634575704,-0.1999999999999983,Stop Loss
2025-03-20 21:00:00+00:00,AUDUSD,1.0006923315174823,LONG,0.62996,0.628826072,-0.200000000000001,Stop Loss
2025-03-23 21:00:00+00:00,AUDUSD,0.944729785009772,LONG,0.62733,0.6286,0.18244528398131657,Time
2025-03-25 21:00:00+00:00,AUDUSD,0.8854847198025549,LONG,0.63026,0.629125532,-0.20000000000000873,Stop Loss
2025-03-26 21:00:00+00:00,AUDUSD,0.8662059589894638,SHORT,0.62993,0.631063874,-0.19999999999999668,Stop Loss
2025-03-30 21:00:00+00:00,AUDUSD,0.8672423887587811,SHORT,0.62884,0.629971912,-0.20000000000001084,Stop Loss
2025-03-31 21:00:00+00:00,AUDUSD,0.868466024808114,LONG,0.62458,0.623455756,-0.19999999999999943,Stop Loss
2025-04-01 21:00:00+00:00,AUDUSD,0.88698662770384,LONG,0.62779,0.626659978,-0.20000000000000132,Stop Loss
2025-04-02 21:00:00+00:00,AUDUSD,1.0059932956353914,LONG,0.6293,0.62816726,-0.1999999999999945,Stop Loss
2025-04-03 21:00:00+00:00,AUDUSD,1.3787614679984022,LONG,0.63281,0.631670942,-0.20000000000000412,Stop Loss
2025-04-06 21:00:00+00:00,AUDUSD,1.567772543516755,SHORT,0.59987,0.600949766,-0.20000000000000626,Stop Loss
2025-04-07 21:00:00+00:00,AUDUSD,1.6867244497100455,SHORT,0.59831,0.599386958,-0.1999999999999935,Stop Loss
2025-04-08 21:00:00+00:00,AUDUSD,1.828743196035421,SHORT,0.59586,0.596932548,-0.2000000000000011,Stop Loss
2025-04-09 21:00:00+00:00,AUDUSD,1.9065063603769865,SHORT,0.61552,0.616627936,-0.20000000000000512,Stop Loss
2025-04-10 21:00:00+00:00,AUDUSD,1.9797235609133501,LONG,0.62274,0.621619068,-0.19999999999999413,Stop Loss
2025-04-13 21:00:00+00:00,AUDUSD,1.9916540212443112,SHORT,0.63017,0.631304306,-0.19999999999999585,Stop Loss
2025-04-14 21:00:00+00:00,AUDUSD,2.002683904901505,LONG,0.63224,0.63447,0.33271415918005093,Time
2025-04-15 21:00:00+00:00,AUDUSD,2.0278754394776515,LONG,0.6344,0.63325808,-0.20000000000000293,Stop Loss
2025-04-16 21:00:00+00:00,AUDUSD,2.0545296875907995,LONG,0.63711,0.6359632019999999,-0.20000000000000942,Stop Loss
2025-04-17 21:00:00+00:00,AUDUSD,1.9983419967736191,LONG,0.63863,0.637480466,-0.20000000000000986,Stop Loss
2025-04-20 21:00:00+00:00,AUDUSD,2.0043504590914383,LONG,0.63724,0.64164,0.6704776850166277,Time
2025-04-21 21:00:00+00:00,AUDUSD,2.0148131522836974,LONG,0.64138,0.6402255159999999,-0.2000000000000104,Stop Loss
2025-04-22 21:00:00+00:00,AUDUSD,1.9312244191949837,LONG,0.63692,0.6357735440000001,-0.19999999999999407,Stop Loss
2025-04-23 21:00:00+00:00,AUDUSD,1.609193352827902,LONG,0.63602,0.634875164,-0.20000000000000595,Stop Loss
2025-04-24 21:00:00+00:00,AUDUSD,1.4464821696562575,SHORT,0.64043,0.6415827740000001,-0.2000000000000036,Stop Loss
2025-04-27 21:00:00+00:00,USDJPY,1.3685815677028423,SHORT,143.623,143.8815214,-0.2000000000000045,Stop Loss
2025-04-28 21:00:00+00:00,USDJPY,1.1897069005308096,SHORT,142.032,142.28765760000002,-0.20000000000000445,Stop Loss
2025-04-29 21:00:00+00:00,AUDUSD,1.0754895485621454,LONG,0.63848,0.637330736,-0.20000000000000603,Stop Loss
2025-04-30 21:00:00+00:00,USDJPY,1.0414763024840201,SHORT,143.0,143.2574,-0.1999999999999929,Stop Loss
2025-05-01 21:00:00+00:00,USDJPY,1.061546330488155,SHORT,145.45,145.71180999999999,-0.19999999999999793,Stop Loss
2025-05-04 21:00:00+00:00,USDJPY,1.0935480664081918,SHORT,144.732,144.9925176,-0.20000000000000984,Stop Loss
2025-05-05 21:00:00+00:00,USDJPY,1.1175448522714035,SHORT,143.752,144.01075360000002,-0.20000000000000392,Stop Loss
2025-05-06 21:00:00+00:00,USDJPY,1.112653980702873,SHORT,142.504,142.7605072,-0.20000000000001103,Stop Loss
2025-05-07 21:00:00+00:00,USDJPY,1.209119578445666,SHORT,143.746,144.0047428,-0.1999999999999952,Stop Loss
2025-05-08 21:00:00+00:00,USDJPY,1.1970110591597252,SHORT,145.834,146.0965012,-0.20000000000000182,Stop Loss
2025-05-11 21:00:00+00:00,USDJPY,1.2441080340485657,SHORT,146.176,146.4391168,-0.20000000000000406,Stop Loss
2025-05-12 21:00:00+00:00,USDJPY,1.204400879943509,SHORT,148.448,147.477,0.6341010993748677,Time
2025-05-13 21:00:00+00:00,USDJPY,1.2535435861091446,SHORT,147.49,146.744,0.48579700318666297,Time
2025-05-14 21:00:00+00:00,USDJPY,1.257323273178315,SHORT,146.719,145.695,0.6779327830751306,Time
2025-05-15 21:00:00+00:00,USDJPY,1.221897437909526,SHORT,145.691,145.9532438,-0.1999999999999953,Stop Loss
2025-05-18 21:00:00+00:00,USDJPY,1.2375515050622432,SHORT,145.328,144.854,0.3061587581195568,Time
2025-05-19 21:00:00+00:00,USDJPY,1.2600389894380561,SHORT,144.866,145.1267588,-0.1999999999999936,Stop Loss
2025-05-20 21:00:00+00:00,USDJPY,1.1915534695014036,SHORT,144.529,143.66,0.5812634142628813,Time
2025-05-21 21:00:00+00:00,USDJPY,1.159782437254299,SHORT,143.632,143.89053760000002,-0.20000000000000767,Stop Loss
2025-05-22 21:00:00+00:00,USDJPY,1.1831274689199196,SHORT,144.058,142.558,1.0212472754029627,Time
2025-05-25 21:00:00+00:00,AUDUSD,1.1291871085939769,LONG,0.64916,0.64876,-0.08161809107153181,Time
2025-05-26 21:00:00+00:00,USDJPY,1.1532900459890942,SHORT,142.851,143.1081318,-0.19999999999999737,Stop Loss
2025-05-27 21:00:00+00:00,AUDUSD,1.0752963038703998,SHORT,0.64451,0.64268,0.26393663403205503,Time
2025-05-28 21:00:00+00:00,USDJPY,1.1278091195697644,SHORT,144.81,145.070658,-0.20000000000000448,Stop Loss
2025-05-29 21:00:00+00:00,USDJPY,1.0160449019257871,SHORT,144.194,144.06,0.07293035771251657,Time
2025-06-01 21:00:00+00:00,USDJPY,1.0468662089567802,SHORT,143.862,142.698,0.7891087291988067,Time
2025-06-02 21:00:00+00:00,USDJPY,1.0210529866233908,SHORT,142.736,142.9929248,-0.2000000000000051,Stop Loss
2025-06-03 21:00:00+00:00,USDJPY,1.0524214448818359,SHORT,143.992,144.25118559999999,-0.19999999999999654,Stop Loss
2025-06-04 21:00:00+00:00,USDJPY,1.0596234705106298,SHORT,142.726,142.9829068,-0.1999999999999971,Stop Loss
2025-06-05 21:00:00+00:00,USDJPY,1.0830728994598704,SHORT,143.547,143.8053846,-0.19999999999999957,Stop Loss
2025-06-08 21:00:00+00:00,USDJPY,1.063135100104523,SHORT,144.885,144.606,0.17256651827311068,Time
2025-06-09 21:00:00+00:00,USDJPY,1.0394575851417656,SHORT,144.551,144.8111918,-0.20000000000000084,Stop Loss
2025-06-10 21:00:00+00:00,USDJPY,1.018375815056318,SHORT,144.869,145.1297642,-0.20000000000000773,Stop Loss
2025-06-11 21:00:00+00:00,USDJPY,1.01274265803883,SHORT,144.527,143.5,0.690593868273739,Time
2025-06-12 21:00:00+00:00,USDJPY,1.0496154829807394,SHORT,143.5,143.7583,-0.19999999999999393,Stop Loss
2025-06-15 21:00:00+00:00,USDJPY,0.9892075683185222,SHORT,144.021,144.28023779999998,-0.19999999999999582,Stop Loss
2025-06-16 21:00:00+00:00,USDJPY,0.9742852029789537,SHORT,144.727,144.9875086,-0.2000000000000059,Stop Loss
2025-06-17 21:00:00+00:00,USDJPY,0.9156196723376966,SHORT,145.287,145.132,0.08668538823157,Time
2025-06-18 21:00:00+00:00,AUDUSD,0.9173250216022704,SHORT,0.65059,0.64808,0.3658036551437944,Time
2025-06-19 21:00:00+00:00,AUDUSD,0.8987825732538248,LONG,0.64707,0.645905274,-0.2000000000000093,Stop Loss
2025-06-22 21:00:00+00:00,AUDUSD,0.9394131073286383,SHORT,0.64294,0.644097292,-0.20000000000000498,Stop Loss
2025-06-23 21:00:00+00:00,AUDUSD,0.9448666355526988,SHORT,0.6458,0.64696244,-0.19999999999999796,Stop Loss
2025-06-24 21:00:00+00:00,AUDUSD,0.9178879584504911,SHORT,0.6491,0.65026838,-0.19999999999999518,Stop Loss
2025-06-25 21:00:00+00:00,AUDUSD,0.9353819430805966,SHORT,0.6512,0.65237216,-0.19999999999999657,Stop Loss
2025-06-29 21:00:00+00:00,AUDUSD,0.9621270333276923,LONG,0.6537,0.6525233399999999,-0.2000000000000079,Stop Loss
2025-06-30 21:00:00+00:00,AUDUSD,0.9473535730561428,LONG,0.65812,0.6569353840000001,-0.19999999999999568,Stop Loss
2025-07-01 21:00:00+00:00,AUDUSD,0.9350590175316809,LONG,0.65778,0.6565959960000001,-0.19999999999999402,Stop Loss
2025-07-02 21:00:00+00:00,AUDUSD,0.9079801816177788,LONG,0.65834,0.657154988,-0.19999999999999776,Stop Loss
2025-07-03 21:00:00+00:00,USDJPY,0.8628317927859079,SHORT,144.928,144.491,0.2815290351070762,Time
2025-07-06 21:00:00+00:00,USDJPY,0.9035296188715785,SHORT,144.45,144.71000999999998,-0.1999999999999959,Stop Loss
2025-07-07 21:00:00+00:00,USDJPY,0.902056077681411,SHORT,146.054,146.3168972,-0.19999999999999835,Stop Loss
2025-07-08 21:00:00+00:00,USDJPY,0.898837677072635,SHORT,146.638,146.9019484,-0.20000000000000262,Stop Loss
2025-07-09 21:00:00+00:00,USDJPY,0.8962332804873175,SHORT,146.359,146.6224462,-0.20000000000000284,Stop Loss
2025-07-10 21:00:00+00:00,USDJPY,0.8584142230181186,SHORT,146.26,146.523268,-0.20000000000000734,Stop Loss
2025-07-13 21:00:00+00:00,USDJPY,0.8205495665896935,SHORT,147.206,147.4709708,-0.20000000000000992,Stop Loss
2025-07-14 21:00:00+00:00,USDJPY,0.8204863413833585,SHORT,147.728,147.9939104,-0.19999999999999704,Stop Loss
2025-07-15 21:00:00+00:00,USDJPY,0.8627651763978528,SHORT,148.903,149.1710254,-0.19999999999999937,Stop Loss
2025-07-16 21:00:00+00:00,USDJPY,0.886849006398426,SHORT,147.832,148.0980976,-0.1999999999999965,Stop Loss
2025-07-20 21:00:00+00:00,USDJPY,0.8985168049547141,SHORT,147.975,148.241355,-0.20000000000000293,Stop Loss
2025-07-21 21:00:00+00:00,USDJPY,0.9376808290518863,SHORT,147.375,147.640275,-0.20000000000000173,Stop Loss
2025-07-22 21:00:00+00:00,USDJPY,0.9051064286201819,SHORT,146.626,146.8899268,-0.2000000000000049,Stop Loss
2025-07-23 21:00:00+00:00,USDJPY,0.9206871820985902,SHORT,146.478,146.7416604,-0.19999999999999454,Stop Loss
2025-07-24 21:00:00+00:00,USDJPY,0.8735329058621849,SHORT,146.989,147.25358020000002,-0.20000000000000795,Stop Loss
2025-07-27 21:00:00+00:00,USDJPY,0.8643845299404223,SHORT,147.764,148.02997520000002,-0.20000000000000942,Stop Loss
2025-07-28 21:00:00+00:00,USDJPY,0.8511465365282923,SHORT,148.495,148.762291,-0.2000000000000001,Stop Loss
2025-07-29 21:00:00+00:00,AUDUSD,0.8832815976339253,LONG,0.65121,0.6500378219999999,-0.20000000000000365,Stop Loss
2025-07-30 21:00:00+00:00,USDJPY,0.9123883558437774,SHORT,149.482,149.7510676,-0.19999999999999973,Stop Loss
2025-07-31 21:00:00+00:00,USDJPY,1.063676182723802,SHORT,150.718,147.70363999999998,1.980000000000007,Take Profit
2025-08-03 21:00:00+00:00,USDJPY,1.0541021945449103,SHORT,147.262,147.5270716,-0.1999999999999992,Stop Loss
2025-08-04 21:00:00+00:00,USDJPY,0.9993300364413706,SHORT,147.144,147.4088592,-0.1999999999999928,Stop Loss
2025-08-05 21:00:00+00:00,USDJPY,0.9788666784941132,SHORT,147.591,147.8566638,-0.19999999999999907,Stop Loss
2025-08-06 21:00:00+00:00,USDJPY,0.9957633700430256,SHORT,147.37,147.635266,-0.19999999999999787,Stop Loss
2025-08-07 21:00:00+00:00,USDJPY,0.9637771400725529,SHORT,147.129,147.3938322,-0.2000000000000005,Stop Loss
2025-08-10 21:00:00+00:00,USDJPY,0.9253419888874108,SHORT,147.572,147.8376296,-0.20000000000000753,Stop Loss
2025-08-11 21:00:00+00:00,USDJPY,0.919282467883811,SHORT,148.128,148.39463039999998,-0.19999999999999787,Stop Loss
2025-08-12 21:00:00+00:00,USDJPY,0.9178286939478965,SHORT,147.786,148.0520148,-0.19999999999999563,Stop Loss
2025-08-13 21:00:00+00:00,USDJPY,0.9456966499849186,SHORT,147.392,147.6573056,-0.20000000000000331,Stop Loss
2025-08-14 21:00:00+00:00,USDJPY,0.9530346245624125,SHORT,147.757,147.154,0.388102492606109,Time
2025-08-17 21:00:00+00:00,USDJPY,0.9606902515495391,SHORT,147.202,147.4669636,-0.20000000000001067,Stop Loss
2025-08-18 21:00:00+00:00,USDJPY,0.9105244318896373,SHORT,147.77,148.035986,-0.19999999999999865,Stop Loss
2025-08-19 21:00:00+00:00,USDJPY,0.8493149622181876,SHORT,147.643,147.312,0.2041894299086234,Time
2025-08-20 21:00:00+00:00,USDJPY,0.7241102777160021,SHORT,147.349,147.61422819999999,-0.19999999999999707,Stop Loss
2025-08-21 21:00:00+00:00,USDJPY,0.7790607905631785,LONG,148.337,148.0699934,-0.20000000000000132,Stop Loss
2025-08-24 21:00:00+00:00,USDJPY,0.7710261623887736,SHORT,146.887,147.1513966,-0.19999999999999846,Stop Loss
2025-08-25 21:00:00+00:00,USDJPY,0.7732967703801312,LONG,147.752,147.4860464,-0.20000000000001172,Stop Loss
2025-08-26 21:00:00+00:00,USDJPY,0.767022769383435,LONG,147.387,147.416,-0.0003239091643113985,Time
2025-08-27 21:00:00+00:00,USDJPY,0.7522788078646093,SHORT,147.414,146.944,0.29882996187607613,Time
2025-08-31 21:00:00+00:00,USDJPY,0.7218080872789374,SHORT,147.017,147.2816306,-0.2000000000000026,Stop Loss
2025-09-01 21:00:00+00:00,USDJPY,0.7553694939934452,SHORT,147.206,147.4709708,-0.20000000000000992,Stop Loss
2025-09-02 21:00:00+00:00,USDJPY,0.7325685812475917,SHORT,148.336,148.6030048,-0.1999999999999967,Stop Loss
2025-09-03 21:00:00+00:00,USDJPY,0.7236482533524211,SHORT,148.07,148.336526,-0.19999999999999926,Stop Loss
2025-09-04 21:00:00+00:00,USDJPY,0.7682236904584211,SHORT,148.512,147.418,0.716640810170218,Time
2025-09-07 21:00:00+00:00,USDJPY,0.7950441072517908,SHORT,148.187,148.4537366,-0.20000000000000104,Stop Loss
2025-09-08 21:00:00+00:00,USDJPY,0.8112356697527942,SHORT,147.503,147.403,0.047795231283427664,Time
2025-09-09 21:00:00+00:00,USDJPY,0.7813476321257815,SHORT,147.364,147.62925520000002,-0.20000000000000867,Stop Loss
2025-09-10 21:00:00+00:00,USDJPY,0.7340027285553208,SHORT,147.396,147.6613128,-0.2000000000000026,Stop Loss
2025-09-11 21:00:00+00:00,AUDUSD,0.7277121374865709,LONG,0.6659,0.66470138,-0.20000000000000584,Stop Loss
2025-09-14 21:00:00+00:00,AUDUSD,0.7345035702506225,LONG,0.66415,0.66702,0.4121312956410341,Time
2025-09-15 21:00:00+00:00,USDJPY,0.7291317138643293,SHORT,147.343,146.456,0.581996701573879,Time
2025-09-16 21:00:00+00:00,USDJPY,0.7622986745293681,SHORT,146.478,146.7416604,-0.19999999999999454,Stop Loss
2025-09-17 21:00:00+00:00,USDJPY,0.7983806512145104,SHORT,146.965,147.229537,-0.1999999999999932,Stop Loss
2025-09-18 21:00:00+00:00,USDJPY,0.8227349443656995,SHORT,147.944,148.21029919999998,-0.1999999999999944,Stop Loss
2025-09-21 21:00:00+00:00,USDJPY,0.7670052371411555,SHORT,147.919,148.1852542,-0.19999999999999435,Stop Loss
2025-09-22 21:00:00+00:00,USDJPY,0.729243057799588,SHORT,147.775,147.658,0.05917442057182787,Time
2025-09-23 21:00:00+00:00,USDJPY,0.7430233037818897,SHORT,147.618,147.8837124,-0.2000000000000084,Stop Loss
2025-09-24 21:00:00+00:00,AUDUSD,0.733670427118944,LONG,0.65849,0.657304718,-0.20000000000000145,Stop Loss
2025-09-25 21:00:00+00:00,AUDUSD,0.7091579567522791,LONG,0.65354,0.652363628,-0.1999999999999971,Stop Loss
2025-09-28 21:00:00+00:00,AUDUSD,0.7024158849375928,LONG,0.65494,0.65773,0.4059932207530568,Time
2025-09-29 21:00:00+00:00,USDJPY,0.7198381583267373,SHORT,148.611,147.94,0.4315143562724107,Time
2025-09-30 21:00:00+00:00,USDJPY,0.7453154307394793,SHORT,147.85,148.11613,-0.2000000000000027,Stop Loss
2025-10-01 21:00:00+00:00,USDJPY,0.7425925063636942,SHORT,147.068,147.33272240000002,-0.2000000000000073,Stop Loss
2025-10-02 21:00:00+00:00,USDJPY,0.7511405131582779,SHORT,147.264,147.52907520000002,-0.20000000000000848,Stop Loss
2025-10-05 21:00:00+00:00,USDJPY,0.8187562354506156,SHORT,149.413,149.68194340000002,-0.20000000000000798,Stop Loss
2025-10-06 21:00:00+00:00,USDJPY,0.8211229192137691,SHORT,150.314,150.5845652,-0.1999999999999953,Stop Loss
2025-10-07 21:00:00+00:00,USDJPY,0.8057506976935646,SHORT,151.932,152.2054776,-0.20000000000000445,Stop Loss
2025-10-08 21:00:00+00:00,USDJPY,0.8050202129923048,SHORT,152.72,152.994896,-0.20000000000000817,Stop Loss
2025-10-09 21:00:00+00:00,USDJPY,0.8809148965525038,LONG,152.957,152.68167739999998,-0.20000000000000637,Stop Loss
2025-10-12 21:00:00+00:00,USDJPY,0.9124378576118527,SHORT,151.882,152.1553876,-0.20000000000000434,Stop Loss
2025-10-13 21:00:00+00:00,USDJPY,0.8969388427263356,SHORT,152.221,152.49499780000002,-0.2000000000000117,Stop Loss
2025-10-14 21:00:00+00:00,USDJPY,0.8827862589644994,SHORT,151.802,151.072,0.4608895798474261,Time
2025-10-15 21:00:00+00:00,USDJPY,0.9165739203761963,SHORT,151.084,151.3559512,-0.19999999999999304,Stop Loss
2025-10-16 21:00:00+00:00,USDJPY,0.925228770565639,SHORT,150.415,150.65,-0.176234418109905,Time
2025-10-19 21:00:00+00:00,USDJPY,0.9119619618671073,SHORT,150.469,150.7398442,-0.1999999999999994,Stop Loss
2025-10-20 21:00:00+00:00,USDJPY,0.907960830554719,LONG,150.707,151.926,0.7888542668887273,Time
2025-10-21 21:00:00+00:00,USDJPY,0.8910005001184431,SHORT,151.898,151.964,-0.06345021000935003,Time
2025-10-22 21:00:00+00:00,USDJPY,0.8974210145931499,SHORT,151.944,152.2174992,-0.20000000000000223,Stop Loss
2025-10-23 21:00:00+00:00,AUDUSD,0.8071502038435313,LONG,0.65104,0.6498681279999999,-0.20000000000000281,Stop Loss
2025-10-26 21:00:00+00:00,AUDUSD,0.8016403230094086,SHORT,0.65388,0.655056984,-0.19999999999999876,Stop Loss
2025-10-27 21:00:00+00:00,AUDUSD,0.8128370551306138,LONG,0.65526,0.65854,0.480564661355807,Time
2025-10-28 21:00:00+00:00,AUDUSD,0.8012193744079124,LONG,0.65833,0.6571450059999999,-0.20000000000000764,Stop Loss
2025-10-29 21:00:00+00:00,AUDUSD,0.7627373541873735,SHORT,0.65698,0.6581625640000001,-0.20000000000000798,Stop Loss
2025-10-30 21:00:00+00:00,USDJPY,0.7345664068623196,LONG,154.136,153.85855519999998,-0.2000000000000078,Stop Loss
2025-11-02 22:00:00+00:00,USDJPY,0.7041790336864638,LONG,154.043,154.212,0.08970962653284,Time
2025-11-03 22:00:00+00:00,AUDUSD,0.7165531482109291,SHORT,0.65356,0.64894,0.6868976069527003,Time
2025-11-04 22:00:00+00:00,AUDUSD,0.7251977113348658,SHORT,0.64894,0.650108092,-0.20000000000000145,Stop Loss
2025-11-05 22:00:00+00:00,USDJPY,0.7298619510519775,LONG,154.106,153.8286092,-0.20000000000000406,Stop Loss
2025-11-06 22:00:00+00:00,USDJPY,0.7210412567636885,LONG,153.041,153.419,0.2269926359603076,Time
2025-11-09 22:00:00+00:00,AUDUSD,0.7099910171984607,LONG,0.64975,0.65363,0.5771527510580984,Time
2025-11-10 22:00:00+00:00,AUDUSD,0.6993703368927455,SHORT,0.65333,0.65273,0.07183720325102688,Time
2025-11-12 22:00:00+00:00,AUDUSD,0.7158387946346543,SHORT,0.65408,0.655257344,-0.20000000000000376,Stop Loss
2025-11-13 22:00:00+00:00,AUDUSD,0.7178597113259634,SHORT,0.65294,0.654115292,-0.19999999999999915,Stop Loss
2025-11-16 22:00:00+00:00,AUDUSD,0.7326007326007326,SHORT,0.65346,0.64935,0.6089596914883937,Time
2025-11-17 22:00:00+00:00,AUDUSD,0.7231758714549126,SHORT,0.64928,0.650448704,-0.20000000000000312,Stop Loss
2025-11-18 22:00:00+00:00,AUDUSD,0.7213748789990925,SHORT,0.65061,0.64787,0.40114323481042025,Time
2025-11-19 22:00:00+00:00,AUDUSD,0.7695328010860849,SHORT,0.64752,0.648685536,-0.20000000000000348,Stop Loss
