date,open,high,low,close,volume
2025-08-10 18:00:00,1.3435,1.34501,1.3435,1.34422,3427
2025-08-10 19:00:00,1.34422,1.34473,1.34408,1.34432,2846
2025-08-10 20:00:00,1.34432,1.34449,1.34364,1.34425,8188
2025-08-10 21:00:00,1.34425,1.34512,1.34406,1.34512,8355
2025-08-10 22:00:00,1.34512,1.34588,1.34512,1.34553,7518
2025-08-10 23:00:00,1.34553,1.3466,1.34543,1.34654,5864
2025-08-11 00:00:00,1.34654,1.34681,1.34634,1.34665,4436
2025-08-11 01:00:00,1.34665,1.34692,1.34633,1.34681,6126
2025-08-11 02:00:00,1.34681,1.34766,1.34648,1.34683,10104
2025-08-11 03:00:00,1.34683,1.34684,1.34478,1.34535,14811
2025-08-11 04:00:00,1.34535,1.34666,1.34519,1.34646,11625
2025-08-11 05:00:00,1.34646,1.34693,1.34467,1.34534,10129
2025-08-11 06:00:00,1.34534,1.34586,1.3445,1.3446,8315
2025-08-11 07:00:00,1.3446,1.34473,1.34247,1.343,13434
2025-08-11 08:00:00,1.343,1.34326,1.3412,1.3423,14340
2025-08-11 09:00:00,1.3423,1.34265,1.34193,1.34209,14048
2025-08-11 10:00:00,1.34209,1.34217,1.33993,1.3407,18359
2025-08-11 11:00:00,1.3407,1.34164,1.34021,1.34145,12730
2025-08-11 12:00:00,1.34145,1.34259,1.34145,1.34248,10136
2025-08-11 13:00:00,1.34248,1.34319,1.34175,1.34302,9839
2025-08-11 14:00:00,1.34302,1.34369,1.34277,1.34355,9159
2025-08-11 15:00:00,1.34355,1.34356,1.34237,1.34274,7969
2025-08-11 16:00:00,1.34274,1.34354,1.34268,1.34311,5171
2025-08-11 17:00:00,1.34311,1.34311,1.34213,1.34272,2321
2025-08-11 18:00:00,1.34272,1.34333,1.34272,1.34328,2373
2025-08-11 19:00:00,1.34328,1.34347,1.3432,1.34333,2366
2025-08-11 20:00:00,1.34333,1.3437,1.3428,1.34297,8299
2025-08-11 21:00:00,1.34297,1.34382,1.34277,1.34312,7964
2025-08-11 22:00:00,1.34312,1.34373,1.343,1.34372,6485
2025-08-11 23:00:00,1.34372,1.34396,1.3431,1.34325,5997
2025-08-12 00:00:00,1.34325,1.34386,1.34239,1.34381,8218
2025-08-12 01:00:00,1.34381,1.34402,1.34204,1.34238,11600
2025-08-12 02:00:00,1.34238,1.34466,1.34211,1.34335,16328
2025-08-12 03:00:00,1.34334,1.34598,1.34313,1.34588,13955
2025-08-12 04:00:00,1.34588,1.34713,1.34475,1.34688,12196
2025-08-12 05:00:00,1.34688,1.34725,1.34525,1.34595,10283
2025-08-12 06:00:00,1.34595,1.34637,1.34553,1.34571,8313
2025-08-12 07:00:00,1.34571,1.34594,1.34463,1.34571,10210
2025-08-12 08:00:00,1.34571,1.35094,1.34505,1.34854,41823
2025-08-12 09:00:00,1.34854,1.34998,1.34629,1.34879,52060
2025-08-12 10:00:00,1.34879,1.34973,1.34785,1.34879,24613
2025-08-12 11:00:00,1.34879,1.35238,1.34861,1.35066,24568
2025-08-12 12:00:00,1.35066,1.35211,1.34999,1.35153,17898
2025-08-12 13:00:00,1.35153,1.35157,1.35067,1.3507,12266
2025-08-12 14:00:00,1.3507,1.35114,1.34917,1.34956,9239
2025-08-12 15:00:00,1.34956,1.34969,1.34881,1.34954,6683
2025-08-12 16:00:00,1.34954,1.34996,1.34924,1.34975,5657
2025-08-12 17:00:00,1.34975,1.35011,1.34872,1.34936,3659
2025-08-12 18:00:00,1.34936,1.35014,1.34936,1.35002,4008
2025-08-12 19:00:00,1.35002,1.35058,1.34994,1.3504,2962
2025-08-12 20:00:00,1.3504,1.35058,1.34969,1.35025,8014
2025-08-12 21:00:00,1.35025,1.35077,1.34975,1.34986,9119
2025-08-12 22:00:00,1.34986,1.35047,1.34926,1.35025,6323
2025-08-12 23:00:00,1.35025,1.35064,1.35005,1.35028,4664
2025-08-13 00:00:00,1.35028,1.35055,1.35011,1.35043,3797
2025-08-13 01:00:00,1.35043,1.35077,1.34995,1.35067,6400
2025-08-13 02:00:00,1.35067,1.35172,1.35062,1.35156,9579
2025-08-13 03:00:00,1.35156,1.35473,1.35155,1.35443,13768
2025-08-13 04:00:00,1.35443,1.35631,1.35431,1.35569,12711
2025-08-13 05:00:00,1.35569,1.35781,1.35558,1.35763,10177
2025-08-13 06:00:00,1.35763,1.35783,1.35659,1.35682,10703
2025-08-13 07:00:00,1.35682,1.35782,1.35649,1.35765,10172
2025-08-13 08:00:00,1.35765,1.35797,1.35588,1.35604,13273
2025-08-13 09:00:00,1.35604,1.35773,1.35539,1.35738,15346
2025-08-13 10:00:00,1.35738,1.35849,1.35692,1.35717,16184
2025-08-13 11:00:00,1.35717,1.35754,1.35614,1.35706,13588
2025-08-13 12:00:00,1.35706,1.3579,1.35681,1.35732,8328
2025-08-13 13:00:00,1.35732,1.35772,1.35676,1.35704,7069
2025-08-13 14:00:00,1.35704,1.35713,1.35633,1.3567,6980
2025-08-13 15:00:00,1.3567,1.35745,1.35639,1.35738,5492
2025-08-13 16:00:00,1.35738,1.35806,1.35728,1.3574,3935
2025-08-13 17:00:00,1.3574,1.3574,1.35639,1.35666,1443
2025-08-13 18:00:00,1.35666,1.35804,1.35666,1.35802,4182
2025-08-13 19:00:00,1.35802,1.35854,1.35798,1.35852,2858
2025-08-13 20:00:00,1.35852,1.35875,1.35817,1.35858,8222
2025-08-13 21:00:00,1.35858,1.35919,1.35822,1.35834,12552
2025-08-13 22:00:00,1.35834,1.35849,1.35723,1.35777,9200
2025-08-13 23:00:00,1.35777,1.35779,1.35706,1.35732,9388
2025-08-14 00:00:00,1.35732,1.35777,1.35713,1.35756,5449
2025-08-14 01:00:00,1.35756,1.35767,1.35686,1.35731,7942
2025-08-14 02:00:00,1.35731,1.3591,1.35647,1.35788,17107
2025-08-14 03:00:00,1.35788,1.35913,1.35685,1.35732,19185
2025-08-14 04:00:00,1.35732,1.35831,1.35631,1.35722,12975
2025-08-14 05:00:00,1.35722,1.35922,1.35685,1.35777,11662
2025-08-14 06:00:00,1.35777,1.35945,1.35748,1.35807,11533
2025-08-14 07:00:00,1.35807,1.35837,1.35723,1.35737,11301
2025-08-14 08:00:00,1.35737,1.35823,1.35459,1.35528,27683
2025-08-14 09:00:00,1.35528,1.35561,1.35346,1.35348,23364
2025-08-14 10:00:00,1.35348,1.3557,1.35335,1.35556,18500
2025-08-14 11:00:00,1.35556,1.35568,1.35272,1.35299,17282
2025-08-14 12:00:00,1.35299,1.35314,1.35206,1.3523,12222
2025-08-14 13:00:00,1.3523,1.35331,1.35229,1.35317,10979
2025-08-14 14:00:00,1.35317,1.35337,1.35242,1.35328,8586
2025-08-14 15:00:00,1.35328,1.35393,1.3532,1.35366,7847
2025-08-14 16:00:00,1.35366,1.35383,1.35277,1.35277,4809
2025-08-14 17:00:00,1.35277,1.35305,1.35201,1.35239,1516
2025-08-14 18:00:00,1.35239,1.35323,1.35239,1.35286,2077
2025-08-14 19:00:00,1.35286,1.35313,1.35259,1.35298,2032
2025-08-14 20:00:00,1.35298,1.35354,1.35271,1.35345,9433
2025-08-14 21:00:00,1.35345,1.35398,1.3531,1.35372,9835
2025-08-14 22:00:00,1.35372,1.35443,1.35354,1.35431,8196
2025-08-14 23:00:00,1.35431,1.3551,1.35431,1.35475,8926
2025-08-15 00:00:00,1.35475,1.35496,1.35446,1.35472,5399
2025-08-15 01:00:00,1.35472,1.35528,1.35438,1.35517,5974
2025-08-15 02:00:00,1.35517,1.3555,1.35423,1.35527,8799
2025-08-15 03:00:00,1.35527,1.35603,1.35473,1.35549,9846
2025-08-15 04:00:00,1.35549,1.35579,1.35461,1.35461,9928
2025-08-15 05:00:00,1.35461,1.35577,1.35456,1.35568,9557
2025-08-15 06:00:00,1.35568,1.35633,1.35516,1.3559,9085
2025-08-15 07:00:00,1.3559,1.3564,1.3555,1.35598,7949
2025-08-15 08:00:00,1.35598,1.35695,1.35457,1.35611,18914
2025-08-15 09:00:00,1.35611,1.35751,1.35539,1.35657,19163
2025-08-15 10:00:00,1.35657,1.35722,1.35577,1.35594,19769
2025-08-15 11:00:00,1.35594,1.35713,1.35585,1.35623,13637
2025-08-15 12:00:00,1.35623,1.35641,1.35537,1.35574,8518
2025-08-15 13:00:00,1.35574,1.3559,1.3552,1.35553,6754
2025-08-15 14:00:00,1.35553,1.35571,1.35508,1.35538,6673
2025-08-15 15:00:00,1.35538,1.35569,1.35497,1.35551,4880
2025-08-15 16:00:00,1.35551,1.35585,1.3544,1.35511,4798
2025-08-17 18:00:00,1.35479,1.35629,1.35479,1.35611,2862
2025-08-17 19:00:00,1.35611,1.35619,1.35537,1.35559,3504
2025-08-17 20:00:00,1.35559,1.3562,1.35524,1.3553,6886
2025-08-17 21:00:00,1.3553,1.35607,1.35496,1.35587,10284
2025-08-17 22:00:00,1.35587,1.35605,1.35486,1.35496,4645
2025-08-17 23:00:00,1.35496,1.35573,1.35494,1.3556,4871
2025-08-18 00:00:00,1.3556,1.3565,1.35552,1.35626,4562
2025-08-18 01:00:00,1.35626,1.35642,1.3559,1.35612,5574
2025-08-18 02:00:00,1.35612,1.35634,1.35405,1.35453,8454
2025-08-18 03:00:00,1.35453,1.35544,1.3538,1.35388,12203
2025-08-18 04:00:00,1.35388,1.35541,1.35308,1.35463,12163
2025-08-18 05:00:00,1.35463,1.35502,1.35388,1.35398,10858
2025-08-18 06:00:00,1.35398,1.35462,1.35366,1.3538,8187
2025-08-18 07:00:00,1.3538,1.35474,1.35351,1.3538,8329
2025-08-18 08:00:00,1.3538,1.35438,1.35355,1.35438,9828
2025-08-18 09:00:00,1.35438,1.35463,1.35359,1.35379,11471
2025-08-18 10:00:00,1.35379,1.35442,1.35128,1.3516,16269
2025-08-18 11:00:00,1.3516,1.35226,1.3511,1.35194,11918
2025-08-18 12:00:00,1.35194,1.35215,1.35068,1.35089,10295
2025-08-18 13:00:00,1.35089,1.35156,1.3507,1.35095,8595
2025-08-18 14:00:00,1.35095,1.35099,1.35028,1.35053,6072
2025-08-18 15:00:00,1.35053,1.35119,1.35053,1.35062,5319
2025-08-18 16:00:00,1.35062,1.3508,1.35014,1.35021,3800
2025-08-18 17:00:00,1.35021,1.35099,1.34979,1.35005,7539
2025-08-18 18:00:00,1.35005,1.3514,1.35005,1.35083,2657
2025-08-18 19:00:00,1.35083,1.35086,1.35014,1.35077,3630
2025-08-18 20:00:00,1.35077,1.35099,1.35009,1.35026,10083
2025-08-18 21:00:00,1.35026,1.35042,1.34866,1.34956,11766
2025-08-18 22:00:00,1.34956,1.35019,1.34938,1.34987,7869
2025-08-18 23:00:00,1.34987,1.35046,1.34966,1.35006,7307
2025-08-19 00:00:00,1.35006,1.35062,1.3497,1.35047,7531
2025-08-19 01:00:00,1.35047,1.35094,1.34978,1.34998,8228
2025-08-19 02:00:00,1.34998,1.35146,1.34961,1.35142,11135
2025-08-19 03:00:00,1.35142,1.35225,1.35133,1.35206,12290
2025-08-19 04:00:00,1.35206,1.35228,1.35133,1.35199,9086
2025-08-19 05:00:00,1.35199,1.35237,1.35102,1.35176,7730
2025-08-19 06:00:00,1.35176,1.35311,1.35162,1.35222,8009
2025-08-19 07:00:00,1.35222,1.35261,1.35139,1.35211,7998
2025-08-19 08:00:00,1.35211,1.35258,1.35034,1.35096,12614
2025-08-19 09:00:00,1.35096,1.35125,1.34961,1.35108,14838
2025-08-19 10:00:00,1.35108,1.35157,1.34954,1.35024,14515
2025-08-19 11:00:00,1.35024,1.35055,1.34903,1.34929,12345
2025-08-19 12:00:00,1.34929,1.34955,1.34852,1.34891,11438
2025-08-19 13:00:00,1.34891,1.34956,1.34858,1.34896,7684
2025-08-19 14:00:00,1.34896,1.34904,1.34775,1.34852,7041
2025-08-19 15:00:00,1.34852,1.34908,1.34816,1.34897,5030
2025-08-19 16:00:00,1.34897,1.34935,1.34875,1.34933,3559
2025-08-19 17:00:00,1.34931,1.34987,1.3486,1.34889,0
2025-08-19 18:00:00,1.34902,1.34931,1.349,1.34918,0
2025-08-19 19:00:00,1.34916,1.34916,1.34854,1.34854,0
2025-08-19 20:00:00,1.34854,1.34858,1.34756,1.34813,0
2025-08-19 21:00:00,1.34833,1.34834,1.34711,1.34735,0
2025-08-19 22:00:00,1.34718,1.34722,1.34626,1.34675,0
2025-08-19 23:00:00,1.34675,1.34769,1.34675,1.34733,0
2025-08-20 00:00:00,1.34733,1.34787,1.34733,1.34755,0
2025-08-20 01:00:00,1.34755,1.3488,1.34725,1.3486,0
2025-08-20 02:00:00,1.34942,1.35088,1.34874,1.34911,0
2025-08-20 03:00:00,1.34927,1.35069,1.34913,1.35069,0
2025-08-20 04:00:00,1.35075,1.3508,1.34935,1.35026,0
2025-08-20 05:00:00,1.35022,1.35057,1.34978,1.3502,0
2025-08-20 06:00:00,1.35002,1.35037,1.34911,1.34944,0
2025-08-20 07:00:00,1.34964,1.34964,1.34738,1.34738,0
2025-08-20 08:00:00,1.34731,1.34955,1.34731,1.34896,0
2025-08-20 09:00:00,1.34889,1.34915,1.34718,1.34756,0
2025-08-20 10:00:00,1.34771,1.34822,1.34618,1.34729,0
2025-08-20 11:00:00,1.34731,1.34736,1.34488,1.34506,0
2025-08-20 12:00:00,1.34504,1.34628,1.34504,1.34608,0
2025-08-20 13:00:00,1.34611,1.34707,1.346,1.34687,0
2025-08-20 14:00:00,1.34678,1.34678,1.34513,1.34526,0
2025-08-20 15:00:00,1.34513,1.3457,1.34497,1.34542,0
2025-08-20 16:00:00,1.34544,1.3458,1.34504,1.34557,0
2025-08-20 17:00:00,1.34475,1.34653,1.34475,1.34519,0
2025-08-20 18:00:00,1.34529,1.34574,1.34529,1.34554,0
2025-08-20 19:00:00,1.34541,1.34655,1.34504,1.34649,0
2025-08-20 20:00:00,1.34647,1.34647,1.3451,1.34565,3745
2025-08-20 21:00:00,1.34565,1.34648,1.34527,1.34587,8360
2025-08-20 22:00:00,1.34587,1.34599,1.34506,1.34513,6153
2025-08-20 23:00:00,1.34513,1.34563,1.34476,1.34537,4245
2025-08-21 00:00:00,1.34537,1.3455,1.34512,1.3452,3596
2025-08-21 01:00:00,1.3452,1.34539,1.34483,1.34534,5372
2025-08-21 02:00:00,1.34534,1.34588,1.34413,1.34454,8967
2025-08-21 03:00:00,1.34454,1.34574,1.34353,1.34556,13959
2025-08-21 04:00:00,1.34556,1.34715,1.3451,1.34657,12402
2025-08-21 05:00:00,1.34657,1.34827,1.34651,1.34756,9930
2025-08-21 06:00:00,1.34756,1.34756,1.34649,1.34733,9613
2025-08-21 07:00:00,1.34733,1.34748,1.34543,1.34543,9662
2025-08-21 08:00:00,1.34543,1.34728,1.34413,1.34462,16928
2025-08-21 09:00:00,1.34462,1.34594,1.34238,1.34263,22417
2025-08-21 10:00:00,1.34263,1.34438,1.34234,1.34262,22587
2025-08-21 11:00:00,1.34262,1.34342,1.34096,1.34142,23645
2025-08-21 12:00:00,1.34142,1.34218,1.34055,1.3419,13563
2025-08-21 13:00:00,1.3419,1.34267,1.34181,1.34225,10826
2025-08-21 14:00:00,1.34225,1.34247,1.34173,1.34183,8868
2025-08-21 15:00:00,1.34183,1.34193,1.34121,1.34125,5284
2025-08-21 16:00:00,1.34125,1.34153,1.34114,1.34122,2793
2025-08-21 17:00:00,1.34122,1.34141,1.34058,1.34097,967
2025-08-21 18:00:00,1.34097,1.34182,1.34097,1.34175,2207
2025-08-21 19:00:00,1.34175,1.34196,1.3414,1.34176,2063
2025-08-21 20:00:00,1.34176,1.34202,1.34147,1.34201,6375
2025-08-21 21:00:00,1.34201,1.34233,1.3407,1.34109,10213
2025-08-21 22:00:00,1.34109,1.34161,1.34083,1.34117,9129
2025-08-21 23:00:00,1.34117,1.34137,1.34002,1.34014,7526
2025-08-22 00:00:00,1.34014,1.34043,1.33929,1.33938,6312
2025-08-22 01:00:00,1.33938,1.33976,1.33918,1.33935,8109
2025-08-22 02:00:00,1.33935,1.34046,1.33904,1.34017,12253
2025-08-22 03:00:00,1.34017,1.34104,1.34012,1.34059,13206
2025-08-22 04:00:00,1.34059,1.34147,1.34048,1.34133,11191
2025-08-22 05:00:00,1.34133,1.34192,1.34105,1.34113,11994
2025-08-22 06:00:00,1.34113,1.34155,1.34072,1.34107,9559
2025-08-22 07:00:00,1.34107,1.34187,1.341,1.34153,11043
2025-08-22 08:00:00,1.34153,1.34204,1.34113,1.34132,13665
2025-08-22 09:00:00,1.34132,1.34321,1.34123,1.34231,15968
2025-08-22 10:00:00,1.34231,1.35247,1.34231,1.35246,69834
2025-08-22 11:00:00,1.35246,1.35441,1.35217,1.35249,26958
2025-08-22 12:00:00,1.35249,1.35386,1.35215,1.35254,18520
2025-08-22 13:00:00,1.35254,1.35441,1.35253,1.35365,16788
2025-08-22 14:00:00,1.35365,1.35402,1.35228,1.35254,12142
2025-08-22 15:00:00,1.35254,1.35263,1.35169,1.35182,7374
2025-08-22 16:00:00,1.35182,1.35294,1.35178,1.352,4231
2025-08-24 18:00:00,1.35099,1.35247,1.35099,1.35153,2774
2025-08-24 19:00:00,1.35153,1.35178,1.3508,1.35082,3077
2025-08-24 20:00:00,1.35082,1.3509,1.34946,1.34974,7297
2025-08-24 21:00:00,1.34974,1.35015,1.34896,1.34937,7127
2025-08-24 22:00:00,1.34937,1.35013,1.3491,1.34996,5641
2025-08-24 23:00:00,1.34996,1.35123,1.34996,1.35112,4229
2025-08-25 00:00:00,1.35112,1.35149,1.35091,1.35115,4167
2025-08-25 01:00:00,1.35115,1.35117,1.35069,1.35111,5006
2025-08-25 02:00:00,1.35111,1.35273,1.35111,1.35194,10570
2025-08-25 03:00:00,1.35194,1.35197,1.35025,1.35035,10022
2025-08-25 04:00:00,1.35035,1.35088,1.35023,1.35032,9493
2025-08-25 05:00:00,1.35032,1.35047,1.34922,1.34947,7293
2025-08-25 06:00:00,1.34947,1.34961,1.34839,1.34906,7958
2025-08-25 07:00:00,1.34906,1.35196,1.34902,1.35196,8340
2025-08-25 08:00:00,1.35196,1.35208,1.34991,1.35045,10235
2025-08-25 09:00:00,1.35045,1.35131,1.35002,1.35085,13770
2025-08-25 10:00:00,1.35085,1.35116,1.35003,1.35021,19976
2025-08-25 11:00:00,1.35021,1.35031,1.34853,1.34898,15577
2025-08-25 12:00:00,1.3488,1.34928,1.34849,1.34881,13439
2025-08-25 13:00:00,1.34881,1.34899,1.3477,1.34793,12912
2025-08-25 14:00:00,1.34793,1.34811,1.34579,1.34605,13572
2025-08-25 15:00:00,1.34605,1.34618,1.34458,1.34536,11973
2025-08-25 16:00:00,1.34536,1.34616,1.34514,1.34526,5568
2025-08-25 17:00:00,1.34526,1.34555,1.34441,1.34541,3491
2025-08-25 18:00:00,1.34541,1.34573,1.34528,1.34559,3365
2025-08-25 19:00:00,1.34559,1.34572,1.34495,1.34543,2521
2025-08-25 20:00:00,1.34543,1.34904,1.34477,1.34809,32526
2025-08-25 21:00:00,1.34809,1.34828,1.34671,1.34716,15821
2025-08-25 22:00:00,1.34716,1.34768,1.34609,1.34643,11430
2025-08-25 23:00:00,1.34643,1.34645,1.34501,1.34515,11014
2025-08-26 00:00:00,1.34515,1.34585,1.34499,1.34567,7411
2025-08-26 01:00:00,1.34567,1.3468,1.34536,1.34656,10786
2025-08-26 02:00:00,1.34656,1.34659,1.34453,1.34592,19887
2025-08-26 03:00:00,1.34592,1.34637,1.34345,1.34554,28075
2025-08-26 04:00:00,1.34554,1.34694,1.34553,1.34634,18084
2025-08-26 05:00:00,1.34634,1.34814,1.3461,1.34795,15562
2025-08-26 06:00:00,1.34795,1.34819,1.34721,1.34789,12074
2025-08-26 07:00:00,1.34789,1.34931,1.34765,1.34879,12198
2025-08-26 08:00:00,1.34879,1.34926,1.34771,1.34793,17297
2025-08-26 09:00:00,1.34793,1.34826,1.34703,1.34804,19267
2025-08-26 10:00:00,1.34804,1.34895,1.34702,1.34783,25804
2025-08-26 11:00:00,1.34783,1.34895,1.34755,1.34816,15742
2025-08-26 12:00:00,1.34816,1.34929,1.34771,1.34773,11748
2025-08-26 13:00:00,1.34774,1.34806,1.34724,1.34725,9850
2025-08-26 14:00:00,1.34725,1.34819,1.3468,1.34794,9950
2025-08-26 15:00:00,1.34794,1.34856,1.34781,1.34786,7300
2025-08-26 16:00:00,1.34786,1.34789,1.34723,1.34777,4634
2025-08-26 17:00:00,1.34777,1.34795,1.34687,1.3471,2506
2025-08-26 18:00:00,1.3471,1.34824,1.3471,1.34805,3037
2025-08-26 19:00:00,1.34805,1.34808,1.34749,1.34767,3410
2025-08-26 20:00:00,1.34767,1.34778,1.34685,1.34713,8164
2025-08-26 21:00:00,1.34713,1.34745,1.34685,1.34699,12480
2025-08-26 22:00:00,1.34699,1.34705,1.34598,1.34622,7922
2025-08-26 23:00:00,1.34622,1.34665,1.34551,1.34572,7138
2025-08-27 00:00:00,1.34572,1.34577,1.34469,1.34485,8194
2025-08-27 01:00:00,1.34485,1.34559,1.34466,1.34558,5939
2025-08-27 02:00:00,1.34558,1.34656,1.34524,1.34639,9040
2025-08-27 03:00:00,1.34639,1.34657,1.3441,1.34533,14578
2025-08-27 04:00:00,1.34533,1.34533,1.34305,1.3445,14154
2025-08-27 05:00:00,1.3445,1.34497,1.34403,1.34412,9444
2025-08-27 06:00:00,1.34412,1.34414,1.34211,1.34221,9640
2025-08-27 07:00:00,1.34221,1.34351,1.34164,1.34306,9619
2025-08-27 08:00:00,1.34306,1.3445,1.34306,1.34414,13006
2025-08-27 09:00:00,1.34414,1.34557,1.34356,1.3447,14285
2025-08-27 10:00:00,1.3447,1.34612,1.34435,1.34602,16572
2025-08-27 11:00:00,1.34602,1.34733,1.34602,1.34661,14815
2025-08-27 12:00:00,1.34661,1.34973,1.3466,1.34962,13041
2025-08-27 13:00:00,1.34962,1.35018,1.3493,1.35013,11372
2025-08-27 14:00:00,1.35013,1.35013,1.34903,1.34974,9917
2025-08-27 15:00:00,1.34974,1.34988,1.34932,1.34976,6826
2025-08-27 16:00:00,1.34976,1.34993,1.34934,1.34978,7486
2025-08-27 17:00:00,1.34978,1.34982,1.34858,1.34929,1634
2025-08-27 18:00:00,1.34929,1.35008,1.34929,1.34986,2101
2025-08-27 19:00:00,1.34986,1.35061,1.34979,1.35037,2912
2025-08-27 20:00:00,1.35037,1.3505,1.34971,1.35047,7994
2025-08-27 21:00:00,1.35047,1.35119,1.35008,1.35041,6838
2025-08-27 22:00:00,1.35041,1.35178,1.35035,1.35161,6973
2025-08-27 23:00:00,1.35161,1.35182,1.35073,1.35077,4821
2025-08-28 00:00:00,1.35077,1.35092,1.3503,1.35041,5526
2025-08-28 01:00:00,1.35041,1.35061,1.34995,1.35039,5766
2025-08-28 02:00:00,1.35039,1.35131,1.35019,1.35035,10523
2025-08-28 03:00:00,1.35035,1.35068,1.34876,1.3499,15082
2025-08-28 04:00:00,1.3499,1.35015,1.34831,1.3499,11692
2025-08-28 05:00:00,1.3499,1.35072,1.34988,1.35016,9066
2025-08-28 06:00:00,1.35016,1.35263,1.34998,1.35211,12824
2025-08-28 07:00:00,1.35211,1.35247,1.35121,1.35144,8666
2025-08-28 08:00:00,1.35144,1.35192,1.34976,1.35033,21433
2025-08-28 09:00:00,1.35033,1.35112,1.34889,1.3506,20452
2025-08-28 10:00:00,1.3506,1.35271,1.3501,1.35114,21066
2025-08-28 11:00:00,1.35114,1.35182,1.35048,1.35147,14888
2025-08-28 12:00:00,1.35147,1.35248,1.35135,1.35223,10175
2025-08-28 13:00:00,1.35223,1.35307,1.35181,1.35214,6787
2025-08-28 14:00:00,1.35214,1.35227,1.35131,1.35156,6999
2025-08-28 15:00:00,1.35156,1.35171,1.35101,1.35121,4806
2025-08-28 16:00:00,1.35121,1.35131,1.35068,1.35115,5716
2025-08-28 17:00:00,1.35115,1.35115,1.34999,1.35075,2139
2025-08-28 18:00:00,1.35075,1.35107,1.35064,1.35069,3845
2025-08-28 19:00:00,1.35069,1.3511,1.35068,1.35078,2870
2025-08-28 20:00:00,1.35078,1.35107,1.35027,1.35087,8586
2025-08-28 21:00:00,1.35087,1.35115,1.34954,1.34985,15784
2025-08-28 22:00:00,1.34985,1.35047,1.34985,1.3502,9312
2025-08-28 23:00:00,1.3502,1.35024,1.34956,1.34985,7937
2025-08-29 00:00:00,1.34985,1.3503,1.34941,1.35028,5813
2025-08-29 01:00:00,1.35028,1.35032,1.34927,1.34997,8600
2025-08-29 02:00:00,1.34997,1.35022,1.34897,1.34907,11989
2025-08-29 03:00:00,1.34907,1.3495,1.34834,1.34912,12468
2025-08-29 04:00:00,1.34912,1.3494,1.34697,1.34773,13821
2025-08-29 05:00:00,1.34773,1.34787,1.34595,1.34597,12009
2025-08-29 06:00:00,1.34597,1.34654,1.34541,1.34619,10874
2025-08-29 07:00:00,1.34619,1.34621,1.34507,1.34534,10577
2025-08-29 08:00:00,1.34534,1.34625,1.34464,1.34603,15018
2025-08-29 09:00:00,1.34603,1.34694,1.34467,1.34684,18679
2025-08-29 10:00:00,1.34684,1.35137,1.34681,1.35093,27082
2025-08-29 11:00:00,1.35093,1.35161,1.35029,1.35074,18884
2025-08-29 12:00:00,1.35074,1.35137,1.34995,1.35081,13975
2025-08-29 13:00:00,1.35081,1.35082,1.35016,1.35031,8170
2025-08-29 14:00:00,1.35031,1.35111,1.34993,1.35102,9744
2025-08-29 15:00:00,1.35102,1.35154,1.35054,1.35153,5921
2025-08-29 16:00:00,1.35153,1.35169,1.34958,1.3503,4749
2025-08-31 18:00:00,1.34968,1.35073,1.34968,1.35027,2813
2025-08-31 19:00:00,1.35027,1.35051,1.34999,1.35032,2665
2025-08-31 20:00:00,1.35032,1.35192,1.35023,1.35183,9111
2025-08-31 21:00:00,1.35183,1.35192,1.35052,1.35119,13346
2025-08-31 22:00:00,1.35119,1.35288,1.35119,1.35269,12591
2025-08-31 23:00:00,1.35269,1.35291,1.35196,1.35231,8467
2025-09-01 00:00:00,1.35231,1.35236,1.35164,1.3518,6082
2025-09-01 01:00:00,1.3518,1.35278,1.35169,1.3525,9314
2025-09-01 02:00:00,1.3525,1.35406,1.35229,1.35316,13062
2025-09-01 03:00:00,1.35316,1.35363,1.35149,1.35302,13769
2025-09-01 04:00:00,1.35302,1.35371,1.35243,1.35351,11882
2025-09-01 05:00:00,1.35351,1.35372,1.35235,1.35301,11872
2025-09-01 06:00:00,1.35301,1.35345,1.35231,1.35239,8830
2025-09-01 07:00:00,1.35239,1.3533,1.35224,1.35238,9610
2025-09-01 08:00:00,1.35238,1.35335,1.35236,1.35331,9579
2025-09-01 09:00:00,1.35331,1.35447,1.35309,1.35367,11153
2025-09-01 10:00:00,1.35367,1.35496,1.35346,1.35473,13438
2025-09-01 11:00:00,1.35473,1.35493,1.35378,1.35413,10299
2025-09-01 12:00:00,1.35413,1.35454,1.35396,1.35418,4711
2025-09-01 13:00:00,1.35418,1.35429,1.35402,1.35423,2594
2025-09-01 14:00:00,1.35423,1.35438,1.35411,1.35436,1860
2025-09-01 15:00:00,1.35436,1.3549,1.35432,1.35483,1833
2025-09-01 16:00:00,1.35483,1.35497,1.35428,1.35428,1953
2025-09-01 17:00:00,1.35428,1.35449,1.35312,1.354,2094
2025-09-01 18:00:00,1.354,1.35483,1.35397,1.35446,2395
2025-09-01 19:00:00,1.35446,1.35491,1.35437,1.3546,2091
2025-09-01 20:00:00,1.3546,1.35482,1.35351,1.35376,8105
2025-09-01 21:00:00,1.35376,1.35415,1.35325,1.35361,10982
2025-09-01 22:00:00,1.35361,1.35362,1.35234,1.35292,7935
2025-09-01 23:00:00,1.35292,1.35304,1.35241,1.35258,4688
2025-09-02 00:00:00,1.35258,1.353,1.35227,1.35271,4624
2025-09-02 01:00:00,1.35271,1.35309,1.352,1.3521,5907
2025-09-02 02:00:00,1.3521,1.35334,1.3521,1.35313,10450
2025-09-02 03:00:00,1.35313,1.35331,1.33937,1.34028,40396
2025-09-02 04:00:00,1.34028,1.3434,1.33753,1.3413,32452
2025-09-02 05:00:00,1.3413,1.34176,1.33812,1.33994,20270
2025-09-02 06:00:00,1.33994,1.34015,1.33713,1.33785,17941
2025-09-02 07:00:00,1.33785,1.33849,1.33695,1.33837,20792
2025-09-02 08:00:00,1.33837,1.33961,1.33402,1.33514,22995
2025-09-02 09:00:00,1.33514,1.33956,1.33423,1.339,19727
2025-09-02 10:00:00,1.339,1.34186,1.339,1.33974,23196
2025-09-02 11:00:00,1.33974,1.33996,1.33742,1.33896,15996
2025-09-02 12:00:00,1.33896,1.33926,1.3383,1.33924,10601
2025-09-02 13:00:00,1.33924,1.33937,1.33838,1.33842,7213
2025-09-02 14:00:00,1.33842,1.33867,1.33749,1.33792,7619
2025-09-02 15:00:00,1.33792,1.33912,1.33788,1.33905,6257
2025-09-02 16:00:00,1.33905,1.33969,1.33866,1.33879,5428
2025-09-02 17:00:00,1.33879,1.33939,1.33817,1.33933,1755
2025-09-02 18:00:00,1.33933,1.33955,1.33863,1.33865,1522
2025-09-02 19:00:00,1.33865,1.33877,1.3381,1.3381,2934
2025-09-02 20:00:00,1.3381,1.33831,1.3372,1.33757,6664
2025-09-02 21:00:00,1.33757,1.33778,1.33672,1.33691,7507
2025-09-02 22:00:00,1.33691,1.33752,1.33631,1.33655,5824
2025-09-02 23:00:00,1.33655,1.33703,1.33611,1.33611,4546
2025-09-03 00:00:00,1.33611,1.33704,1.33605,1.33693,4953
2025-09-03 01:00:00,1.33693,1.33739,1.33592,1.33625,5664
2025-09-03 02:00:00,1.33625,1.33908,1.33617,1.33764,9889
2025-09-03 03:00:00,1.33764,1.33804,1.33329,1.33659,21469
2025-09-03 04:00:00,1.33659,1.34091,1.33658,1.34066,18064
2025-09-03 05:00:00,1.34066,1.34175,1.34016,1.34077,15514
2025-09-03 06:00:00,1.34077,1.3411,1.3395,1.34039,9134
2025-09-03 07:00:00,1.34039,1.34127,1.33973,1.34118,10198
2025-09-03 08:00:00,1.34118,1.34293,1.34089,1.34246,13541
2025-09-03 09:00:00,1.34246,1.34361,1.34101,1.34174,18227
2025-09-03 10:00:00,1.34174,1.34464,1.34162,1.3433,25449
2025-09-03 11:00:00,1.3433,1.34539,1.343,1.34476,16449
2025-09-03 12:00:00,1.34476,1.34522,1.34438,1.345,9651
2025-09-03 13:00:00,1.345,1.34582,1.34387,1.34413,8280
2025-09-03 14:00:00,1.34413,1.34476,1.34381,1.34415,7581
2025-09-03 15:00:00,1.34415,1.34417,1.34345,1.34381,5906
2025-09-03 16:00:00,1.34381,1.34465,1.3438,1.34435,4802
2025-09-03 17:00:00,1.34435,1.34445,1.34333,1.34361,4999
2025-09-03 18:00:00,1.34361,1.34426,1.34361,1.34384,1750
2025-09-03 19:00:00,1.34384,1.34425,1.34377,1.34405,2733
2025-09-03 20:00:00,1.34405,1.34435,1.34357,1.34419,7773
2025-09-03 21:00:00,1.34419,1.345,1.34332,1.34372,8644
2025-09-03 22:00:00,1.34372,1.34377,1.34292,1.3431,6941
2025-09-03 23:00:00,1.3431,1.34332,1.34257,1.34278,5083
2025-09-04 00:00:00,1.34278,1.34303,1.34252,1.3427,3765
2025-09-04 01:00:00,1.3427,1.34298,1.34237,1.3428,4630
2025-09-04 02:00:00,1.3428,1.34409,1.3428,1.34355,7898
2025-09-04 03:00:00,1.34355,1.34381,1.34163,1.34271,13021
2025-09-04 04:00:00,1.34271,1.34567,1.34265,1.3454,11257
2025-09-04 05:00:00,1.3454,1.3459,1.34338,1.34396,10550
2025-09-04 06:00:00,1.34396,1.34559,1.34375,1.34489,9297
2025-09-04 07:00:00,1.34489,1.3449,1.34254,1.34333,9795
2025-09-04 08:00:00,1.34333,1.34548,1.34219,1.34407,19985
2025-09-04 09:00:00,1.34407,1.34468,1.34257,1.34411,16266
2025-09-04 10:00:00,1.34411,1.34411,1.34172,1.34271,22298
2025-09-04 11:00:00,1.34271,1.34406,1.3426,1.34385,10804
2025-09-04 12:00:00,1.34385,1.34394,1.34174,1.34212,9583
2025-09-04 13:00:00,1.34212,1.34264,1.34189,1.34222,6620
2025-09-04 14:00:00,1.34222,1.34315,1.34221,1.34261,6950
2025-09-04 15:00:00,1.34261,1.34366,1.3426,1.3436,4425
2025-09-04 16:00:00,1.3436,1.34372,1.34318,1.34328,2537
2025-09-04 17:00:00,1.34328,1.34343,1.34187,1.34333,1331
2025-09-04 18:00:00,1.34333,1.34355,1.34323,1.34334,1998
2025-09-04 19:00:00,1.34334,1.34448,1.3433,1.34438,3277
2025-09-04 20:00:00,1.34438,1.34501,1.34417,1.34489,11303
2025-09-04 21:00:00,1.34489,1.3454,1.34466,1.34516,10819
2025-09-04 22:00:00,1.34516,1.34571,1.345,1.34528,9629
2025-09-04 23:00:00,1.34528,1.34551,1.34519,1.34537,6483
2025-09-05 00:00:00,1.34537,1.34544,1.34478,1.34502,6527
2025-09-05 01:00:00,1.34502,1.34632,1.34494,1.34614,5850
2025-09-05 02:00:00,1.34614,1.34717,1.34555,1.34555,13404
2025-09-05 03:00:00,1.34555,1.34666,1.345,1.3464,15162
2025-09-05 04:00:00,1.3464,1.34722,1.34616,1.34699,10491
2025-09-05 05:00:00,1.34699,1.3481,1.3467,1.34807,10105
2025-09-05 06:00:00,1.34807,1.34855,1.34777,1.34783,10253
2025-09-05 07:00:00,1.34783,1.34834,1.34614,1.34619,10815
2025-09-05 08:00:00,1.34619,1.3532,1.34575,1.35207,42080
2025-09-05 09:00:00,1.35207,1.35497,1.35133,1.35484,36832
2025-09-05 10:00:00,1.35484,1.35546,1.35046,1.352,32035
2025-09-05 11:00:00,1.352,1.35431,1.35187,1.35413,19659
2025-09-05 12:00:00,1.35413,1.35424,1.3525,1.35259,14071
2025-09-05 13:00:00,1.35259,1.35261,1.35108,1.35124,12533
2025-09-05 14:00:00,1.35124,1.35145,1.35009,1.3505,10294
2025-09-05 15:00:00,1.3505,1.35114,1.35017,1.35028,5490
2025-09-05 16:00:00,1.35028,1.3509,1.35021,1.3506,3468
2025-09-07 18:00:00,1.3489,1.35027,1.34817,1.34864,4786
2025-09-07 19:00:00,1.34864,1.34958,1.34859,1.34924,6560
2025-09-07 20:00:00,1.34924,1.34961,1.3483,1.34958,13084
2025-09-07 21:00:00,1.34958,1.35032,1.34905,1.35015,13934
2025-09-07 22:00:00,1.35015,1.35054,1.3497,1.3504,12355
2025-09-07 23:00:00,1.3504,1.35056,1.34944,1.34955,7699
2025-09-08 00:00:00,1.34955,1.34973,1.3487,1.34962,6603
2025-09-08 01:00:00,1.34962,1.35037,1.34952,1.34964,8123
2025-09-08 02:00:00,1.34964,1.35188,1.34964,1.35181,14924
2025-09-08 03:00:00,1.35181,1.35258,1.3511,1.35158,15223
2025-09-08 04:00:00,1.35158,1.35261,1.35061,1.35123,12690
2025-09-08 05:00:00,1.35123,1.3514,1.35079,1.35088,10431
2025-09-08 06:00:00,1.35088,1.35318,1.35018,1.35301,10514
2025-09-08 07:00:00,1.35301,1.35362,1.35222,1.35292,10142
2025-09-08 08:00:00,1.35292,1.35491,1.35271,1.35428,14000
2025-09-08 09:00:00,1.35428,1.35565,1.354,1.3545,15327
2025-09-08 10:00:00,1.3545,1.35465,1.35307,1.35353,17345
2025-09-08 11:00:00,1.35353,1.35465,1.35327,1.35462,13669
2025-09-08 12:00:00,1.35462,1.35483,1.35279,1.35375,9914
2025-09-08 13:00:00,1.35375,1.35399,1.35273,1.35276,7573
2025-09-08 14:00:00,1.35276,1.35538,1.35274,1.35531,7292
2025-09-08 15:00:00,1.35531,1.35547,1.3549,1.35507,5897
2025-09-08 16:00:00,1.35507,1.3551,1.35437,1.35442,3586
2025-09-08 17:00:00,1.35442,1.35459,1.35376,1.35413,3764
2025-09-08 18:00:00,1.35413,1.35496,1.35413,1.35485,2196
2025-09-08 19:00:00,1.35485,1.35577,1.35485,1.35526,2409
2025-09-08 20:00:00,1.35526,1.35622,1.35502,1.35584,8349
2025-09-08 21:00:00,1.35584,1.35704,1.35526,1.3567,7870
2025-09-08 22:00:00,1.3567,1.35712,1.35625,1.35635,6751
2025-09-08 23:00:00,1.35635,1.35649,1.35578,1.35593,6125
2025-09-09 00:00:00,1.35593,1.35754,1.35585,1.35737,5597
2025-09-09 01:00:00,1.35737,1.35804,1.35706,1.35789,7228
2025-09-09 02:00:00,1.35789,1.35825,1.35574,1.3566,13210
2025-09-09 03:00:00,1.3566,1.35765,1.35582,1.3565,13270
2025-09-09 04:00:00,1.3565,1.35754,1.35581,1.35729,18254
2025-09-09 05:00:00,1.35729,1.35904,1.35724,1.35865,11489
2025-09-09 06:00:00,1.35865,1.35894,1.35743,1.35771,10133
2025-09-09 07:00:00,1.35771,1.35782,1.35571,1.35579,8696
2025-09-09 08:00:00,1.35579,1.35601,1.35457,1.35541,13742
2025-09-09 09:00:00,1.35541,1.35654,1.35513,1.35535,17390
2025-09-09 10:00:00,1.35535,1.35745,1.35317,1.35395,35369
2025-09-09 11:00:00,1.35395,1.35409,1.35229,1.35311,17209
2025-09-09 12:00:00,1.35311,1.35466,1.35261,1.35345,12372
2025-09-09 13:00:00,1.35345,1.35387,1.35245,1.3526,11599
2025-09-09 14:00:00,1.3526,1.35274,1.35217,1.35225,9099
2025-09-09 15:00:00,1.35225,1.35247,1.35185,1.3519,4413
2025-09-09 16:00:00,1.3519,1.35272,1.3518,1.35262,5849
2025-09-09 17:00:00,1.35262,1.35273,1.35104,1.35221,5140
2025-09-09 18:00:00,1.35221,1.35305,1.35213,1.35301,1702
2025-09-09 19:00:00,1.35301,1.35302,1.3518,1.35203,3544
2025-09-09 20:00:00,1.35203,1.35236,1.35157,1.35223,9925
2025-09-09 21:00:00,1.35223,1.35279,1.35146,1.3522,13114
2025-09-09 22:00:00,1.3522,1.35324,1.35204,1.35315,8296
2025-09-09 23:00:00,1.35315,1.35364,1.35305,1.35326,7810
2025-09-10 00:00:00,1.35326,1.35426,1.35314,1.35421,7138
2025-09-10 01:00:00,1.35421,1.35422,1.35322,1.35349,6809
2025-09-10 02:00:00,1.35349,1.35433,1.35208,1.35261,15062
2025-09-10 03:00:00,1.35261,1.35386,1.35126,1.35334,17779
2025-09-10 04:00:00,1.35334,1.35338,1.35195,1.35272,12911
2025-09-10 05:00:00,1.35272,1.35457,1.35261,1.35426,11201
2025-09-10 06:00:00,1.35426,1.35435,1.35309,1.35385,11097
2025-09-10 07:00:00,1.35385,1.35393,1.35275,1.35338,9968
2025-09-10 08:00:00,1.35338,1.35638,1.35233,1.353,22268
2025-09-10 09:00:00,1.353,1.35575,1.35251,1.35553,22699
2025-09-10 10:00:00,1.35553,1.35613,1.3547,1.35504,18196
2025-09-10 11:00:00,1.35504,1.35551,1.35429,1.35463,11312
2025-09-10 12:00:00,1.35463,1.35494,1.35333,1.3536,9513
2025-09-10 13:00:00,1.3536,1.35406,1.35273,1.35342,8963
2025-09-10 14:00:00,1.35342,1.35418,1.3532,1.3536,8533
2025-09-10 15:00:00,1.3536,1.35367,1.35213,1.35305,7259
2025-09-10 16:00:00,1.35305,1.35327,1.35261,1.35275,3704
2025-09-10 17:00:00,1.35275,1.35301,1.35178,1.35205,1999
2025-09-10 18:00:00,1.35205,1.35377,1.35205,1.35375,1352
2025-09-10 19:00:00,1.35375,1.35397,1.35326,1.35328,2225
2025-09-10 20:00:00,1.35328,1.3533,1.35267,1.35274,8060
2025-09-10 21:00:00,1.35274,1.35338,1.35261,1.35297,7315
2025-09-10 22:00:00,1.35297,1.35298,1.35221,1.35256,6505
2025-09-10 23:00:00,1.35256,1.35299,1.35248,1.35274,5551
2025-09-11 00:00:00,1.35274,1.35284,1.3523,1.35268,5112
2025-09-11 01:00:00,1.35268,1.35269,1.35146,1.35165,5761
2025-09-11 02:00:00,1.35165,1.35243,1.35119,1.35161,11499
2025-09-11 03:00:00,1.35161,1.35221,1.35034,1.35155,13807
2025-09-11 04:00:00,1.35155,1.35213,1.35134,1.35146,11913
2025-09-11 05:00:00,1.35146,1.35158,1.34939,1.35025,12010
2025-09-11 06:00:00,1.35025,1.35155,1.34994,1.3515,11253
2025-09-11 07:00:00,1.3515,1.35227,1.35059,1.35075,13058
2025-09-11 08:00:00,1.35075,1.35489,1.34921,1.35448,38468
2025-09-11 09:00:00,1.35448,1.35616,1.35392,1.35528,33710
2025-09-11 10:00:00,1.35528,1.35667,1.35499,1.35574,22902
2025-09-11 11:00:00,1.35574,1.35788,1.35523,1.35658,16287
2025-09-11 12:00:00,1.35658,1.35789,1.35657,1.35776,10615
2025-09-11 13:00:00,1.35776,1.35828,1.35684,1.35705,9450
2025-09-11 14:00:00,1.35705,1.35823,1.35696,1.35791,7509
2025-09-11 15:00:00,1.35791,1.35815,1.35767,1.35779,6439
2025-09-11 16:00:00,1.35779,1.35802,1.35705,1.35705,9556
2025-09-11 17:00:00,1.35705,1.35727,1.35618,1.35689,1508
2025-09-11 18:00:00,1.35689,1.35804,1.35689,1.35787,1947
2025-09-11 19:00:00,1.35787,1.35804,1.35738,1.35741,3435
2025-09-11 20:00:00,1.35741,1.35757,1.35683,1.35723,11315
2025-09-11 21:00:00,1.35723,1.35735,1.35563,1.35572,9575
2025-09-11 22:00:00,1.35572,1.35627,1.35552,1.35581,7802
2025-09-11 23:00:00,1.35581,1.35585,1.35536,1.3555,5205
2025-09-12 00:00:00,1.3555,1.35568,1.3552,1.35563,7588
2025-09-12 01:00:00,1.35563,1.35607,1.35522,1.35577,5927
2025-09-12 02:00:00,1.35577,1.35588,1.35448,1.35564,12681
2025-09-12 03:00:00,1.35564,1.35749,1.35563,1.3564,12100
2025-09-12 04:00:00,1.3564,1.3564,1.35308,1.35335,16044
2025-09-12 05:00:00,1.35335,1.35478,1.353,1.35464,12262
2025-09-12 06:00:00,1.35464,1.35587,1.35454,1.35568,11696
2025-09-12 07:00:00,1.35568,1.35626,1.35469,1.35487,10599
2025-09-12 08:00:00,1.35487,1.35493,1.35238,1.35432,15548
2025-09-12 09:00:00,1.35432,1.35492,1.35375,1.35459,16299
2025-09-12 10:00:00,1.35459,1.35696,1.35453,1.35586,17447
2025-09-12 11:00:00,1.35586,1.35617,1.35434,1.35451,13389
2025-09-12 12:00:00,1.35451,1.35685,1.35407,1.35601,8198
2025-09-12 13:00:00,1.35601,1.35681,1.35594,1.35597,7038
2025-09-12 14:00:00,1.35597,1.35707,1.35597,1.35696,6242
2025-09-12 15:00:00,1.35696,1.35703,1.35606,1.35613,5580
2025-09-12 16:00:00,1.35613,1.35617,1.35459,1.35574,3466
2025-09-14 18:00:00,1.356,1.35607,1.35516,1.35567,2400
2025-09-14 19:00:00,1.35567,1.35584,1.35516,1.35525,2716
2025-09-14 20:00:00,1.35525,1.35558,1.35485,1.35556,4221
2025-09-14 21:00:00,1.35556,1.356,1.35526,1.35583,7392
2025-09-14 22:00:00,1.35583,1.35608,1.3555,1.35595,4904
2025-09-14 23:00:00,1.35595,1.35672,1.35588,1.35646,4309
2025-09-15 00:00:00,1.35646,1.35708,1.35643,1.35673,4317
2025-09-15 01:00:00,1.35673,1.35679,1.35611,1.35614,5561
2025-09-15 02:00:00,1.35614,1.35678,1.3553,1.35625,10503
2025-09-15 03:00:00,1.35625,1.35939,1.35614,1.35817,14535
2025-09-15 04:00:00,1.35817,1.35991,1.35792,1.35818,11812
2025-09-15 05:00:00,1.35818,1.36004,1.35785,1.35921,11926
2025-09-15 06:00:00,1.35921,1.36133,1.35919,1.3607,12115
2025-09-15 07:00:00,1.3607,1.36191,1.36049,1.36149,8903
2025-09-15 08:00:00,1.36149,1.36199,1.36081,1.36147,13430
2025-09-15 09:00:00,1.36147,1.36173,1.35953,1.35958,14346
2025-09-15 10:00:00,1.35958,1.35962,1.35845,1.35893,17762
2025-09-15 11:00:00,1.35893,1.36073,1.35869,1.36068,13282
2025-09-15 12:00:00,1.36068,1.36095,1.35943,1.35988,12210
2025-09-15 13:00:00,1.35988,1.36113,1.35946,1.3609,8901
2025-09-15 14:00:00,1.3609,1.36104,1.36,1.36053,8851
2025-09-15 15:00:00,1.36053,1.36105,1.3604,1.36091,7418
2025-09-15 16:00:00,1.36091,1.36112,1.35965,1.35988,6703
2025-09-15 17:00:00,1.35988,1.3603,1.3592,1.3601,1472
2025-09-15 18:00:00,1.3601,1.36037,1.35999,1.3603,2167
2025-09-15 19:00:00,1.3603,1.36049,1.36008,1.36009,2337
2025-09-15 20:00:00,1.36009,1.36058,1.35976,1.36015,7132
2025-09-15 21:00:00,1.36015,1.36064,1.35978,1.36031,7620
2025-09-15 22:00:00,1.36031,1.36141,1.36027,1.3612,8476
2025-09-15 23:00:00,1.3612,1.36251,1.36105,1.36175,7304
2025-09-16 00:00:00,1.36175,1.36177,1.36123,1.36156,6684
2025-09-16 01:00:00,1.36156,1.36209,1.36142,1.36196,7314
2025-09-16 02:00:00,1.36196,1.36333,1.36195,1.36298,13492
2025-09-16 03:00:00,1.36298,1.36428,1.36262,1.36282,13566
2025-09-16 04:00:00,1.36282,1.36384,1.3624,1.36264,13002
2025-09-16 05:00:00,1.36264,1.36455,1.3626,1.36416,14610
2025-09-16 06:00:00,1.36416,1.3642,1.3626,1.36268,11666
2025-09-16 07:00:00,1.36268,1.36498,1.36241,1.36431,12521
2025-09-16 08:00:00,1.36431,1.36458,1.36245,1.36404,17641
2025-09-16 09:00:00,1.36404,1.3659,1.36387,1.36579,17012
2025-09-16 10:00:00,1.36579,1.36716,1.36501,1.36565,23237
2025-09-16 11:00:00,1.36565,1.36577,1.36387,1.3653,16007
2025-09-16 12:00:00,1.3653,1.3664,1.36508,1.36579,11436
2025-09-16 13:00:00,1.36579,1.36679,1.3653,1.36585,10572
2025-09-16 14:00:00,1.36585,1.36641,1.3656,1.36593,8177
2025-09-16 15:00:00,1.36593,1.36612,1.36501,1.36511,6548
2025-09-16 16:00:00,1.36511,1.36536,1.36419,1.36453,8153
2025-09-16 17:00:00,1.36453,1.36488,1.36369,1.3639,4379
2025-09-16 18:00:00,1.3639,1.36541,1.3639,1.36496,2707
2025-09-16 19:00:00,1.36496,1.36553,1.36488,1.36523,2468
2025-09-16 20:00:00,1.36523,1.36589,1.36445,1.36449,8178
2025-09-16 21:00:00,1.36449,1.36482,1.36389,1.36432,8725
2025-09-16 22:00:00,1.36432,1.36452,1.36407,1.36429,6382
2025-09-16 23:00:00,1.36429,1.3646,1.36406,1.36428,4599
2025-09-17 00:00:00,1.36428,1.36438,1.36405,1.36419,4458
2025-09-17 01:00:00,1.36419,1.36489,1.36418,1.36477,4528
2025-09-17 02:00:00,1.36477,1.3653,1.36347,1.36399,11909
2025-09-17 03:00:00,1.36399,1.36416,1.36294,1.36344,12860
2025-09-17 04:00:00,1.36344,1.36522,1.3632,1.364,10507
2025-09-17 05:00:00,1.364,1.36563,1.36399,1.36488,9578
2025-09-17 06:00:00,1.36488,1.36524,1.36383,1.36439,11534
2025-09-17 07:00:00,1.36439,1.36524,1.36398,1.36465,8550
2025-09-17 08:00:00,1.36465,1.36542,1.36432,1.36542,9632
2025-09-17 09:00:00,1.36542,1.36647,1.36482,1.36625,12157
2025-09-17 10:00:00,1.36625,1.36694,1.36579,1.36592,12788
2025-09-17 11:00:00,1.36592,1.36664,1.36548,1.36588,10894
2025-09-17 12:00:00,1.36588,1.36693,1.36577,1.36649,7942
2025-09-17 13:00:00,1.36649,1.36685,1.36597,1.36644,8465
2025-09-17 14:00:00,1.36644,1.37263,1.36246,1.36395,75521
2025-09-17 15:00:00,1.36395,1.36657,1.3634,1.3637,39982
2025-09-17 16:00:00,1.3637,1.36384,1.36195,1.36233,14980
2025-09-17 17:00:00,1.36233,1.36281,1.36163,1.36281,1852
2025-09-17 18:00:00,1.36281,1.36332,1.36242,1.3629,4042
2025-09-17 19:00:00,1.3629,1.36355,1.36277,1.36293,5797
2025-09-17 20:00:00,1.36293,1.36297,1.36204,1.36269,12630
2025-09-17 21:00:00,1.36269,1.36304,1.36101,1.36174,14553
2025-09-17 22:00:00,1.36174,1.36283,1.36174,1.36275,8363
2025-09-17 23:00:00,1.36275,1.36304,1.36197,1.36206,6328
2025-09-18 00:00:00,1.36206,1.36215,1.36048,1.36066,8159
2025-09-18 01:00:00,1.36066,1.36098,1.35917,1.35969,8839
2025-09-18 02:00:00,1.35969,1.36048,1.3586,1.35949,14341
2025-09-18 03:00:00,1.35949,1.36403,1.35944,1.3633,17730
2025-09-18 04:00:00,1.3633,1.36484,1.36265,1.36395,14869
2025-09-18 05:00:00,1.36395,1.36552,1.36366,1.36456,12705
2025-09-18 06:00:00,1.36456,1.36543,1.36414,1.36488,10875
2025-09-18 07:00:00,1.36488,1.36607,1.36128,1.36216,16688
2025-09-18 08:00:00,1.36216,1.3623,1.35945,1.35947,18366
2025-09-18 09:00:00,1.35947,1.35957,1.35338,1.35511,26283
2025-09-18 10:00:00,1.35511,1.35711,1.35453,1.35518,26344
2025-09-18 11:00:00,1.35518,1.35619,1.35358,1.35478,19780
2025-09-18 12:00:00,1.35478,1.35577,1.35416,1.35526,12815
2025-09-18 13:00:00,1.35526,1.35631,1.35504,1.35553,9661
2025-09-18 14:00:00,1.35553,1.35564,1.35441,1.35531,7505
2025-09-18 15:00:00,1.35531,1.35574,1.35474,1.35485,5788
2025-09-18 16:00:00,1.35485,1.35545,1.35451,1.35545,5238
2025-09-18 17:00:00,1.35545,1.35552,1.35421,1.35537,2964
2025-09-18 18:00:00,1.35537,1.3555,1.35513,1.35515,3462
2025-09-18 19:00:00,1.35515,1.35565,1.35514,1.35547,2898
2025-09-18 20:00:00,1.35547,1.35557,1.35398,1.35489,9485
2025-09-18 21:00:00,1.35489,1.35504,1.35362,1.35386,10063
2025-09-18 22:00:00,1.35386,1.35426,1.35308,1.35411,6904
2025-09-18 23:00:00,1.35411,1.35588,1.35411,1.35505,13513
2025-09-19 00:00:00,1.35505,1.35594,1.35415,1.35441,12379
2025-09-19 01:00:00,1.35441,1.35511,1.35408,1.35443,8099
2025-09-19 02:00:00,1.35443,1.35455,1.34969,1.35074,22101
2025-09-19 03:00:00,1.35074,1.35144,1.34844,1.3491,24176
2025-09-19 04:00:00,1.3491,1.35018,1.34823,1.34995,15553
2025-09-19 05:00:00,1.34995,1.35103,1.34953,1.35047,14290
2025-09-19 06:00:00,1.35047,1.35084,1.34946,1.34965,7944
2025-09-19 07:00:00,1.34965,1.34986,1.34729,1.34773,11005
2025-09-19 08:00:00,1.34773,1.34832,1.34631,1.34683,17782
2025-09-19 09:00:00,1.34683,1.34947,1.34682,1.34894,20557
2025-09-19 10:00:00,1.34895,1.34981,1.34807,1.3482,22160
2025-09-19 11:00:00,1.3482,1.34851,1.34719,1.34821,19090
2025-09-19 12:00:00,1.34821,1.34852,1.34702,1.34824,10724
2025-09-19 13:00:00,1.34824,1.3485,1.34735,1.34757,8411
2025-09-19 14:00:00,1.34757,1.34761,1.34667,1.34689,7086
2025-09-19 15:00:00,1.34689,1.34752,1.34671,1.34722,4676
2025-09-19 16:00:00,1.34722,1.34738,1.34605,1.34605,4719
2025-09-21 18:00:00,1.34622,1.34727,1.34615,1.34708,7915
2025-09-21 19:00:00,1.34708,1.34718,1.34623,1.34626,4486
2025-09-21 20:00:00,1.34626,1.34677,1.34572,1.34677,7507
2025-09-21 21:00:00,1.34677,1.34743,1.34654,1.34663,11694
2025-09-21 22:00:00,1.34663,1.34667,1.34584,1.34591,8175
2025-09-21 23:00:00,1.34591,1.34671,1.34573,1.34621,5136
2025-09-22 00:00:00,1.34621,1.34626,1.3453,1.34603,5264
2025-09-22 01:00:00,1.34603,1.34738,1.34591,1.34715,4900
2025-09-22 02:00:00,1.34715,1.34827,1.347,1.34745,12321
2025-09-22 03:00:00,1.34745,1.3483,1.34714,1.34785,14668
2025-09-22 04:00:00,1.34785,1.35033,1.34768,1.34958,13638
2025-09-22 05:00:00,1.34958,1.35041,1.34902,1.35021,10768
2025-09-22 06:00:00,1.35021,1.35067,1.34948,1.34994,9732
2025-09-22 07:00:00,1.34994,1.34997,1.3492,1.3498,8398
2025-09-22 08:00:00,1.3498,1.3516,1.34901,1.35082,13065
2025-09-22 09:00:00,1.35082,1.35147,1.34981,1.35071,17868
2025-09-22 10:00:00,1.35071,1.35072,1.34922,1.34944,13915
2025-09-22 11:00:00,1.34944,1.35055,1.34921,1.35024,10841
2025-09-22 12:00:00,1.35024,1.35205,1.34997,1.35081,9964
2025-09-22 13:00:00,1.35081,1.35175,1.3507,1.35164,6404
2025-09-22 14:00:00,1.35164,1.35195,1.35148,1.35168,4920
2025-09-22 15:00:00,1.35168,1.3519,1.35148,1.35161,3649
2025-09-22 16:00:00,1.35161,1.35169,1.35103,1.35123,4518
2025-09-22 17:00:00,1.35123,1.35123,1.35008,1.35089,3722
2025-09-22 18:00:00,1.35089,1.35162,1.35089,1.35134,3868
2025-09-22 19:00:00,1.35134,1.3516,1.35134,1.35139,3192
2025-09-22 20:00:00,1.35139,1.35207,1.35112,1.35205,6516
2025-09-22 21:00:00,1.35205,1.35273,1.3516,1.3523,8508
2025-09-22 22:00:00,1.3523,1.35243,1.3505,1.35089,7577
2025-09-22 23:00:00,1.35089,1.35156,1.3503,1.35156,6768
2025-09-23 00:00:00,1.35156,1.35173,1.35046,1.35076,6714
2025-09-23 01:00:00,1.35076,1.35144,1.35036,1.35072,5606
2025-09-23 02:00:00,1.35072,1.35222,1.35024,1.35157,12899
2025-09-23 03:00:00,1.35157,1.35228,1.35045,1.35201,19467
2025-09-23 04:00:00,1.35201,1.35279,1.34868,1.35036,18779
2025-09-23 05:00:00,1.35036,1.35143,1.34967,1.35049,13007
2025-09-23 06:00:00,1.35049,1.35161,1.34989,1.35107,12336
2025-09-23 07:00:00,1.35107,1.35197,1.3506,1.35144,11017
2025-09-23 08:00:00,1.35144,1.35296,1.35099,1.35248,12042
2025-09-23 09:00:00,1.35248,1.35366,1.35059,1.35172,20961
2025-09-23 10:00:00,1.35172,1.35259,1.35092,1.35243,21146
2025-09-23 11:00:00,1.35243,1.35254,1.35077,1.35165,13574
2025-09-23 12:00:00,1.35165,1.35237,1.35066,1.35207,14636
2025-09-23 13:00:00,1.35207,1.35256,1.35152,1.35167,13400
2025-09-23 14:00:00,1.35167,1.35218,1.35133,1.35168,9465
2025-09-23 15:00:00,1.35168,1.3527,1.35141,1.35252,7441
2025-09-23 16:00:00,1.35252,1.35269,1.352,1.35242,4979
2025-09-23 17:00:00,1.35242,1.35242,1.35109,1.3518,6840
2025-09-23 18:00:00,1.3518,1.35277,1.3518,1.35249,2406
2025-09-23 19:00:00,1.35249,1.35269,1.35219,1.35242,3452
2025-09-23 20:00:00,1.35242,1.35262,1.3514,1.35148,10459
2025-09-23 21:00:00,1.35148,1.3516,1.35077,1.35107,10767
2025-09-23 22:00:00,1.35107,1.35161,1.35095,1.35108,7111
2025-09-23 23:00:00,1.35108,1.35143,1.35062,1.35067,5338
2025-09-24 00:00:00,1.35067,1.351,1.35052,1.35087,4949
2025-09-24 01:00:00,1.35087,1.35121,1.3501,1.35064,5540
2025-09-24 02:00:00,1.35064,1.35111,1.34919,1.34986,10992
2025-09-24 03:00:00,1.34986,1.35019,1.34815,1.34846,12592
2025-09-24 04:00:00,1.34846,1.34849,1.34732,1.34835,12466
2025-09-24 05:00:00,1.34835,1.34875,1.34707,1.34774,8752
2025-09-24 06:00:00,1.34774,1.34796,1.34643,1.34643,8890
2025-09-24 07:00:00,1.34643,1.34696,1.34551,1.34573,10996
2025-09-24 08:00:00,1.34573,1.34708,1.3436,1.34457,14882
2025-09-24 09:00:00,1.34457,1.34476,1.34263,1.34373,17173
2025-09-24 10:00:00,1.34373,1.34575,1.34266,1.34511,20969
2025-09-24 11:00:00,1.34511,1.34566,1.34439,1.3447,14934
2025-09-24 12:00:00,1.3447,1.34496,1.34388,1.34425,11406
2025-09-24 13:00:00,1.34425,1.34557,1.34421,1.34534,7421
2025-09-24 14:00:00,1.34534,1.34548,1.34434,1.34485,8207
2025-09-24 15:00:00,1.34485,1.34505,1.3443,1.3446,5929
2025-09-24 16:00:00,1.3446,1.34485,1.34431,1.3446,3963
2025-09-24 17:00:00,1.3446,1.345,1.34354,1.34436,9580
2025-09-24 18:00:00,1.34436,1.34515,1.34436,1.34505,1890
2025-09-24 19:00:00,1.34505,1.34535,1.34484,1.34493,2491
2025-09-24 20:00:00,1.34493,1.34577,1.34484,1.34565,13975
2025-09-24 21:00:00,1.34565,1.34591,1.34489,1.3454,13055
2025-09-24 22:00:00,1.3454,1.3462,1.34537,1.34585,9489
2025-09-24 23:00:00,1.34585,1.34627,1.34554,1.3461,6241
2025-09-25 00:00:00,1.3461,1.34645,1.34599,1.34628,6619
2025-09-25 01:00:00,1.34628,1.34629,1.34532,1.34547,6270
2025-09-25 02:00:00,1.34547,1.34667,1.34495,1.34642,12877
2025-09-25 03:00:00,1.34642,1.34648,1.34359,1.34373,14758
2025-09-25 04:00:00,1.34373,1.34535,1.34342,1.34526,14113
2025-09-25 05:00:00,1.34526,1.34592,1.34463,1.34499,10413
2025-09-25 06:00:00,1.34499,1.34565,1.34461,1.34464,9671
2025-09-25 07:00:00,1.34464,1.3448,1.34172,1.34216,10304
2025-09-25 08:00:00,1.34216,1.34227,1.33722,1.33837,27009
2025-09-25 09:00:00,1.33837,1.33944,1.3363,1.33704,30782
2025-09-25 10:00:00,1.33704,1.33841,1.33471,1.33475,25731
2025-09-25 11:00:00,1.33475,1.33516,1.33411,1.33486,18594
2025-09-25 12:00:00,1.33486,1.33571,1.33358,1.33393,11491
2025-09-25 13:00:00,1.33393,1.33436,1.33265,1.33352,12380
2025-09-25 14:00:00,1.33352,1.33377,1.33236,1.33338,12544
2025-09-25 15:00:00,1.33338,1.33406,1.33333,1.33367,7869
2025-09-25 16:00:00,1.33367,1.33469,1.33364,1.33413,5715
2025-09-25 17:00:00,1.33413,1.33448,1.33324,1.33366,2795
2025-09-25 18:00:00,1.33366,1.33453,1.33366,1.33434,1809
2025-09-25 19:00:00,1.33434,1.33435,1.3332,1.33348,3441
2025-09-25 20:00:00,1.33348,1.33458,1.33293,1.33452,7543
2025-09-25 21:00:00,1.33452,1.33482,1.33392,1.33417,7662
2025-09-25 22:00:00,1.33417,1.33551,1.33414,1.33499,6322
2025-09-25 23:00:00,1.33499,1.33541,1.33482,1.33537,4889
2025-09-26 00:00:00,1.33537,1.33553,1.33495,1.33542,4592
2025-09-26 01:00:00,1.33542,1.33576,1.33526,1.33537,4675
2025-09-26 02:00:00,1.33537,1.33641,1.33508,1.33638,12419
2025-09-26 03:00:00,1.33638,1.33697,1.33447,1.33523,15305
2025-09-26 04:00:00,1.33523,1.33706,1.3351,1.33648,12308
2025-09-26 05:00:00,1.33648,1.3366,1.33506,1.33526,11607
2025-09-26 06:00:00,1.33526,1.33554,1.33433,1.3346,10215
2025-09-26 07:00:00,1.3346,1.33564,1.33434,1.33503,8405
2025-09-26 08:00:00,1.33503,1.33771,1.33484,1.33771,19064
2025-09-26 09:00:00,1.33771,1.33881,1.33751,1.33844,22329
2025-09-26 10:00:00,1.33844,1.34065,1.33844,1.34014,23202
2025-09-26 11:00:00,1.34014,1.34129,1.33943,1.34016,15276
2025-09-26 12:00:00,1.34016,1.34096,1.33964,1.33982,11346
2025-09-26 13:00:00,1.33982,1.34074,1.33979,1.34047,7501
2025-09-26 14:00:00,1.34047,1.34114,1.3401,1.34094,6847
2025-09-26 15:00:00,1.34094,1.34095,1.34036,1.34076,4667
2025-09-26 16:00:00,1.34076,1.34089,1.33977,1.33985,3364
2025-09-28 18:00:00,1.33934,1.34054,1.33934,1.34039,2217
2025-09-28 19:00:00,1.34039,1.34107,1.34033,1.34072,3088
2025-09-28 20:00:00,1.34072,1.3425,1.34064,1.34237,9510
2025-09-28 21:00:00,1.34237,1.34284,1.34161,1.34266,10863
2025-09-28 22:00:00,1.34266,1.34339,1.34258,1.34294,8792
2025-09-28 23:00:00,1.34294,1.34344,1.34286,1.34318,5961
2025-09-29 00:00:00,1.34318,1.34413,1.34282,1.34373,5673
2025-09-29 01:00:00,1.34373,1.34429,1.34342,1.34417,7597
2025-09-29 02:00:00,1.34417,1.34421,1.34343,1.34375,11979
2025-09-29 03:00:00,1.34375,1.34497,1.34366,1.34465,13903
2025-09-29 04:00:00,1.34465,1.345,1.34313,1.34354,11707
2025-09-29 05:00:00,1.34354,1.34427,1.34299,1.34313,10974
2025-09-29 06:00:00,1.34313,1.3433,1.34249,1.34283,9620
2025-09-29 07:00:00,1.34283,1.34474,1.34242,1.34472,11582
2025-09-29 08:00:00,1.34472,1.34567,1.34341,1.34515,17470
2025-09-29 09:00:00,1.34515,1.34521,1.34373,1.3438,18787
2025-09-29 10:00:00,1.3438,1.34397,1.34157,1.34181,17645
2025-09-29 11:00:00,1.34181,1.34362,1.34171,1.34321,14987
2025-09-29 12:00:00,1.34321,1.34358,1.34263,1.34307,9243
2025-09-29 13:00:00,1.34307,1.3434,1.34236,1.3425,8263
2025-09-29 14:00:00,1.3425,1.34388,1.34229,1.34378,6652
2025-09-29 15:00:00,1.34378,1.34386,1.34341,1.34359,5423
2025-09-29 16:00:00,1.34359,1.34359,1.34274,1.34299,4257
2025-09-29 17:00:00,1.34299,1.34299,1.34185,1.3424,1320
2025-09-29 18:00:00,1.3424,1.34339,1.3424,1.34336,1749
2025-09-29 19:00:00,1.34336,1.34376,1.34327,1.34345,2555
2025-09-29 20:00:00,1.34345,1.34358,1.34202,1.34249,8586
2025-09-29 21:00:00,1.34249,1.34346,1.34221,1.34228,9537
2025-09-29 22:00:00,1.34228,1.3432,1.34203,1.34307,5927
2025-09-29 23:00:00,1.34307,1.34387,1.34276,1.34354,5773
2025-09-30 00:00:00,1.34354,1.34383,1.34276,1.34381,6602
2025-09-30 01:00:00,1.34381,1.34466,1.34326,1.34336,8591
2025-09-30 02:00:00,1.34336,1.34516,1.34279,1.34403,14832
2025-09-30 03:00:00,1.34403,1.34515,1.34316,1.34465,15729
2025-09-30 04:00:00,1.34465,1.3452,1.34405,1.34454,15247
2025-09-30 05:00:00,1.34454,1.34496,1.34407,1.34445,10448
2025-09-30 06:00:00,1.34445,1.34508,1.34364,1.34377,9339
2025-09-30 07:00:00,1.34377,1.34438,1.34245,1.34363,9747
2025-09-30 08:00:00,1.34363,1.3452,1.34362,1.34422,11908
2025-09-30 09:00:00,1.34422,1.34497,1.34135,1.34429,17425
2025-09-30 10:00:00,1.34429,1.34668,1.3435,1.34614,28873
2025-09-30 11:00:00,1.34614,1.34628,1.34361,1.34428,19068
2025-09-30 12:00:00,1.34428,1.34625,1.34394,1.34588,11894
2025-09-30 13:00:00,1.34588,1.34637,1.34495,1.34507,10902
2025-09-30 14:00:00,1.34507,1.34529,1.34402,1.34487,8180
2025-09-30 15:00:00,1.34487,1.3452,1.34438,1.3449,6292
2025-09-30 16:00:00,1.3449,1.34498,1.34393,1.34444,4109
2025-09-30 17:00:00,1.34444,1.34446,1.34356,1.34411,2042
2025-09-30 18:00:00,1.34411,1.34512,1.34411,1.34438,2101
2025-09-30 19:00:00,1.34438,1.34494,1.34423,1.34425,3422
2025-09-30 20:00:00,1.34425,1.34442,1.34358,1.34407,8261
2025-09-30 21:00:00,1.34407,1.34422,1.34348,1.34418,7292
2025-09-30 22:00:00,1.34418,1.34431,1.34347,1.34411,6998
2025-09-30 23:00:00,1.34411,1.34424,1.34358,1.34408,6962
2025-10-01 00:00:00,1.34408,1.34638,1.34408,1.34627,6536
2025-10-01 01:00:00,1.34627,1.34719,1.34551,1.34552,8679
2025-10-01 02:00:00,1.34552,1.34778,1.34551,1.34661,15831
2025-10-01 03:00:00,1.34661,1.34773,1.34533,1.34669,25057
2025-10-01 04:00:00,1.34669,1.34803,1.34662,1.34669,16421
2025-10-01 05:00:00,1.34669,1.3475,1.34623,1.34645,12954
2025-10-01 06:00:00,1.34645,1.3476,1.34577,1.34709,12267
2025-10-01 07:00:00,1.34709,1.34886,1.34705,1.34819,11732
2025-10-01 08:00:00,1.34819,1.35216,1.34695,1.35123,44138
2025-10-01 09:00:00,1.35123,1.35272,1.35061,1.35148,22287
2025-10-01 10:00:00,1.35148,1.35241,1.34922,1.35068,41773
2025-10-01 11:00:00,1.35068,1.35078,1.34708,1.34717,21920
2025-10-01 12:00:00,1.34717,1.34766,1.34652,1.34739,11979
2025-10-01 13:00:00,1.34739,1.34789,1.34714,1.34726,8456
2025-10-01 14:00:00,1.34726,1.34893,1.34682,1.3486,9169
2025-10-01 15:00:00,1.3486,1.34881,1.34788,1.34796,6108
2025-10-01 16:00:00,1.34796,1.34798,1.34719,1.34757,5441
2025-10-01 17:00:00,1.34757,1.34798,1.34668,1.3477,1080
2025-10-01 18:00:00,1.3477,1.34814,1.34762,1.3479,1734
2025-10-01 19:00:00,1.3479,1.34831,1.3478,1.34784,2407
2025-10-01 20:00:00,1.34784,1.34784,1.34691,1.34693,8927
2025-10-01 21:00:00,1.34693,1.34841,1.34672,1.34838,9448
2025-10-01 22:00:00,1.34838,1.34877,1.34794,1.34808,6395
2025-10-01 23:00:00,1.34808,1.34813,1.34757,1.34776,8552
2025-10-02 00:00:00,1.34776,1.3479,1.34738,1.34751,7027
2025-10-02 01:00:00,1.34751,1.34786,1.34688,1.34751,7361
2025-10-02 02:00:00,1.34751,1.34895,1.34735,1.34895,13945
2025-10-02 03:00:00,1.34895,1.35006,1.34873,1.34942,17364
2025-10-02 04:00:00,1.34942,1.351,1.34916,1.35043,13084
2025-10-02 05:00:00,1.35043,1.35078,1.34966,1.34986,11575
2025-10-02 06:00:00,1.34986,1.34986,1.34799,1.34801,10063
2025-10-02 07:00:00,1.34801,1.3483,1.34707,1.34762,11491
2025-10-02 08:00:00,1.34762,1.34828,1.34639,1.34657,13587
2025-10-02 09:00:00,1.34657,1.34684,1.34261,1.34304,21021
2025-10-02 10:00:00,1.34304,1.34305,1.34117,1.34206,25210
2025-10-02 11:00:00,1.34206,1.34271,1.34008,1.34208,19772
2025-10-02 12:00:00,1.34208,1.34393,1.34201,1.34391,12056
2025-10-02 13:00:00,1.34391,1.34453,1.34356,1.34376,9738
2025-10-02 14:00:00,1.34376,1.34479,1.34361,1.34466,8363
2025-10-02 15:00:00,1.34466,1.3452,1.34427,1.34431,5823
2025-10-02 16:00:00,1.34431,1.34496,1.34374,1.34374,7181
2025-10-02 17:00:00,1.34374,1.34402,1.3427,1.34399,1465
2025-10-02 18:00:00,1.34399,1.34537,1.34384,1.34405,2288
2025-10-02 19:00:00,1.34405,1.34461,1.34403,1.3446,1923
2025-10-02 20:00:00,1.3446,1.34463,1.34391,1.34445,5711
2025-10-02 21:00:00,1.34445,1.34508,1.34331,1.34453,9220
2025-10-02 22:00:00,1.34453,1.34458,1.34357,1.34394,5613
2025-10-02 23:00:00,1.34394,1.34452,1.34353,1.34446,5062
2025-10-03 00:00:00,1.34446,1.34458,1.34351,1.34353,4933
2025-10-03 01:00:00,1.34353,1.34367,1.34305,1.34322,6941
2025-10-03 02:00:00,1.34322,1.34438,1.34287,1.34339,10390
2025-10-03 03:00:00,1.34339,1.34611,1.34339,1.34601,10356
2025-10-03 04:00:00,1.34601,1.34672,1.34526,1.34578,12299
2025-10-03 05:00:00,1.34578,1.34579,1.34418,1.34537,9641
2025-10-03 06:00:00,1.34537,1.34563,1.34482,1.34526,5759
2025-10-03 07:00:00,1.34526,1.34553,1.34447,1.34491,9734
2025-10-03 08:00:00,1.34491,1.34598,1.3437,1.3458,14268
2025-10-03 09:00:00,1.3458,1.34687,1.34504,1.34633,17005
2025-10-03 10:00:00,1.34633,1.34776,1.3457,1.34717,31953
2025-10-03 11:00:00,1.34717,1.34849,1.34655,1.34795,14455
2025-10-03 12:00:00,1.34795,1.34845,1.34732,1.34774,7613
2025-10-03 13:00:00,1.34774,1.34822,1.34667,1.34711,7049
2025-10-03 14:00:00,1.34711,1.34805,1.3463,1.34799,8722
2025-10-03 15:00:00,1.34799,1.3484,1.34769,1.34829,4267
2025-10-03 16:00:00,1.34829,1.3486,1.34737,1.34737,2977
2025-10-05 18:00:00,1.3485,1.349,1.34227,1.34344,0
2025-10-05 19:00:00,1.34354,1.34376,1.3428,1.34333,0
2025-10-05 20:00:00,1.34331,1.34405,1.34289,1.34405,0
2025-10-05 21:00:00,1.34414,1.34505,1.34353,1.34496,9238
2025-10-05 22:00:00,1.34496,1.34576,1.34489,1.34548,8161
2025-10-05 23:00:00,1.34548,1.34584,1.34516,1.34519,7213
2025-10-06 00:00:00,1.34519,1.3455,1.34454,1.34469,10497
2025-10-06 01:00:00,1.34469,1.34527,1.34401,1.34435,8289
2025-10-06 02:00:00,1.34435,1.34484,1.34306,1.34415,17665
2025-10-06 03:00:00,1.34415,1.34643,1.34362,1.34434,31140
2025-10-06 04:00:00,1.34434,1.34451,1.34181,1.34359,22935
2025-10-06 05:00:00,1.34359,1.34389,1.34238,1.34369,14900
2025-10-06 06:00:00,1.34369,1.34374,1.34221,1.34222,13228
2025-10-06 07:00:00,1.34222,1.34317,1.34166,1.34246,12467
2025-10-06 08:00:00,1.34246,1.34405,1.34231,1.34375,21968
2025-10-06 09:00:00,1.34375,1.34645,1.34374,1.34613,16969
2025-10-06 10:00:00,1.34613,1.34841,1.34588,1.348,20144
2025-10-06 11:00:00,1.348,1.34839,1.34683,1.34748,14606
2025-10-06 12:00:00,1.34748,1.34766,1.34657,1.3475,9085
2025-10-06 13:00:00,1.3475,1.34839,1.3475,1.34838,6880
2025-10-06 14:00:00,1.34838,1.34868,1.34795,1.34824,6058
2025-10-06 15:00:00,1.34824,1.349,1.34805,1.34814,6059
2025-10-06 16:00:00,1.34814,1.34869,1.348,1.34848,4824
2025-10-06 17:00:00,1.34848,1.34848,1.34725,1.34759,1022
2025-10-06 18:00:00,1.34759,1.34869,1.34759,1.34817,3341
2025-10-06 19:00:00,1.34817,1.34872,1.34795,1.34841,3618
2025-10-06 20:00:00,1.34841,1.34845,1.34773,1.34823,8617
2025-10-06 21:00:00,1.34823,1.34823,1.34726,1.3474,7189
2025-10-06 22:00:00,1.3474,1.34795,1.34725,1.34758,5028
2025-10-06 23:00:00,1.34758,1.34808,1.34743,1.34759,5208
2025-10-07 00:00:00,1.34759,1.34806,1.34675,1.34696,5177
2025-10-07 01:00:00,1.34696,1.34708,1.34546,1.34592,8119
2025-10-07 02:00:00,1.34592,1.34599,1.34444,1.34529,13871
2025-10-07 03:00:00,1.34529,1.34538,1.34291,1.34367,14368
2025-10-07 04:00:00,1.34367,1.34451,1.34326,1.3437,11719
2025-10-07 05:00:00,1.3437,1.34438,1.34325,1.34438,8577
2025-10-07 06:00:00,1.34438,1.34439,1.34242,1.34256,9716
2025-10-07 07:00:00,1.34256,1.34282,1.33921,1.34012,12338
2025-10-07 08:00:00,1.34012,1.34153,1.33937,1.34142,15965
2025-10-07 09:00:00,1.34142,1.34277,1.34097,1.34178,16794
2025-10-07 10:00:00,1.34178,1.34336,1.34142,1.34312,17951
2025-10-07 11:00:00,1.34312,1.34544,1.34309,1.34402,18318
2025-10-07 12:00:00,1.34402,1.34502,1.3439,1.34425,12533
2025-10-07 13:00:00,1.34425,1.34519,1.34399,1.34405,9442
2025-10-07 14:00:00,1.34405,1.34414,1.34289,1.34299,9876
2025-10-07 15:00:00,1.34299,1.34308,1.34157,1.34212,7094
2025-10-07 16:00:00,1.34212,1.34258,1.34153,1.34153,3720
2025-10-07 17:00:00,1.34153,1.34288,1.34153,1.34271,2377
2025-10-07 18:00:00,1.34271,1.34285,1.34246,1.34248,1760
2025-10-07 19:00:00,1.34248,1.34263,1.34196,1.34204,4468
2025-10-07 20:00:00,1.34204,1.34213,1.34118,1.34156,8603
2025-10-07 21:00:00,1.34156,1.34157,1.33961,1.33972,17802
2025-10-07 22:00:00,1.33972,1.34026,1.33916,1.33969,9545
2025-10-07 23:00:00,1.33969,1.33997,1.33902,1.33993,6199
2025-10-08 00:00:00,1.33993,1.34004,1.33903,1.33934,6002
2025-10-08 01:00:00,1.33934,1.33934,1.33849,1.33912,6220
2025-10-08 02:00:00,1.33912,1.33975,1.33838,1.33965,14306
2025-10-08 03:00:00,1.33965,1.34175,1.33941,1.34171,15645
2025-10-08 04:00:00,1.34171,1.34261,1.3405,1.34083,13413
2025-10-08 05:00:00,1.34083,1.34135,1.34001,1.34029,14269
2025-10-08 06:00:00,1.34029,1.34271,1.34013,1.34121,12013
2025-10-08 07:00:00,1.34121,1.34162,1.34008,1.34074,11426
2025-10-08 08:00:00,1.34074,1.34214,1.34073,1.3419,13709
2025-10-08 09:00:00,1.3419,1.34306,1.3417,1.34241,15763
2025-10-08 10:00:00,1.34241,1.34384,1.34189,1.34207,16338
2025-10-08 11:00:00,1.34207,1.3423,1.3387,1.33888,13415
2025-10-08 12:00:00,1.33888,1.33906,1.3372,1.33873,10333
2025-10-08 13:00:00,1.33873,1.33874,1.3379,1.33805,7835
2025-10-08 14:00:00,1.33805,1.33895,1.33709,1.33892,15421
2025-10-08 15:00:00,1.33892,1.34004,1.33892,1.33994,7107
2025-10-08 16:00:00,1.33994,1.34061,1.33962,1.34025,4465
2025-10-08 17:00:00,1.34025,1.34051,1.33915,1.34003,2626
2025-10-08 18:00:00,1.34003,1.34074,1.34003,1.34058,2261
2025-10-08 19:00:00,1.34058,1.34061,1.33992,1.34001,4548
2025-10-08 20:00:00,1.34001,1.34127,1.33991,1.34098,7273
2025-10-08 21:00:00,1.34098,1.34189,1.34077,1.34096,10235
2025-10-08 22:00:00,1.34096,1.34191,1.34063,1.34162,5021
2025-10-08 23:00:00,1.34162,1.34183,1.34082,1.34148,4141
2025-10-09 00:00:00,1.34148,1.34156,1.3408,1.34124,3653
2025-10-09 01:00:00,1.34124,1.34167,1.34051,1.34056,4755
2025-10-09 02:00:00,1.34056,1.3407,1.33576,1.33643,18835
2025-10-09 03:00:00,1.33643,1.33725,1.33493,1.33525,17250
2025-10-09 04:00:00,1.33525,1.33639,1.33426,1.33617,12633
2025-10-09 05:00:00,1.33617,1.33887,1.33585,1.33869,17910
2025-10-09 06:00:00,1.33869,1.33898,1.33693,1.33697,12788
2025-10-09 07:00:00,1.33697,1.33818,1.33584,1.33751,9385
2025-10-09 08:00:00,1.33751,1.33879,1.33685,1.33846,16471
2025-10-09 09:00:00,1.33846,1.33949,1.3356,1.33684,27337
2025-10-09 10:00:00,1.33684,1.33686,1.33261,1.33321,29750
2025-10-09 11:00:00,1.33321,1.33341,1.32907,1.3309,27647
2025-10-09 12:00:00,1.3309,1.33147,1.32908,1.32939,14167
2025-10-09 13:00:00,1.32939,1.33032,1.32885,1.32982,16621
2025-10-09 14:00:00,1.32982,1.32984,1.32795,1.32813,9890
2025-10-09 15:00:00,1.32813,1.32979,1.32813,1.32964,7607
2025-10-09 16:00:00,1.32964,1.3306,1.32945,1.32945,4354
2025-10-09 17:00:00,1.33096,1.33097,1.32935,1.33003,1177
2025-10-09 18:00:00,1.33003,1.33062,1.32976,1.32999,1971
2025-10-09 19:00:00,1.32999,1.33038,1.32924,1.33026,5658
2025-10-09 20:00:00,1.33026,1.33055,1.3296,1.33043,8491
2025-10-09 21:00:00,1.33043,1.33087,1.32995,1.33017,7850
2025-10-09 22:00:00,1.33017,1.33107,1.33007,1.33081,6112
2025-10-09 23:00:00,1.33081,1.33138,1.33063,1.33118,5387
2025-10-10 00:00:00,1.33118,1.33132,1.3305,1.33087,5104
2025-10-10 01:00:00,1.33087,1.33143,1.33066,1.33067,6234
2025-10-10 02:00:00,1.33067,1.33112,1.32883,1.32959,18005
2025-10-10 03:00:00,1.32959,1.33062,1.3279,1.33029,17822
2025-10-10 04:00:00,1.33029,1.33128,1.32976,1.3308,13032
2025-10-10 05:00:00,1.3308,1.33091,1.32867,1.32907,12117
2025-10-10 06:00:00,1.32907,1.32985,1.32616,1.32619,14153
2025-10-10 07:00:00,1.32619,1.32779,1.32618,1.3272,14651
2025-10-10 08:00:00,1.3272,1.32877,1.32716,1.32794,14009
2025-10-10 09:00:00,1.32794,1.32818,1.32686,1.32761,14526
2025-10-10 10:00:00,1.32761,1.33092,1.32723,1.33026,24650
2025-10-10 11:00:00,1.33026,1.33706,1.33013,1.33419,61255
2025-10-10 12:00:00,1.33419,1.33574,1.3338,1.33446,30386
2025-10-10 13:00:00,1.33446,1.33471,1.33316,1.33448,15212
2025-10-10 14:00:00,1.33448,1.33537,1.33429,1.33463,10584
2025-10-10 15:00:00,1.33463,1.33546,1.33419,1.33495,9367
2025-10-10 16:00:00,1.33495,1.33556,1.33337,1.33496,10485
2025-10-12 18:00:00,1.33294,1.3354,1.33294,1.3342,9307
2025-10-12 19:00:00,1.3342,1.33475,1.33355,1.33362,10149
2025-10-12 20:00:00,1.33362,1.33506,1.33352,1.33505,12431
2025-10-12 21:00:00,1.33505,1.33574,1.33447,1.33546,12754
2025-10-12 22:00:00,1.33546,1.3363,1.33502,1.3352,8539
2025-10-12 23:00:00,1.3352,1.33548,1.33484,1.33531,7068
2025-10-13 00:00:00,1.33531,1.33601,1.3352,1.33565,5306
2025-10-13 01:00:00,1.33565,1.33615,1.33469,1.33481,9182
2025-10-13 02:00:00,1.33481,1.33663,1.33459,1.33484,16142
2025-10-13 03:00:00,1.33484,1.33499,1.33297,1.33348,22236
2025-10-13 04:00:00,1.33348,1.33391,1.33149,1.33262,15683
2025-10-13 05:00:00,1.33262,1.33433,1.33245,1.33371,10074
2025-10-13 06:00:00,1.33371,1.33429,1.33285,1.33366,11025
2025-10-13 07:00:00,1.33366,1.33525,1.33271,1.33307,18520
2025-10-13 08:00:00,1.33307,1.33396,1.33246,1.33337,15763
2025-10-13 09:00:00,1.33337,1.33383,1.33252,1.33327,18066
2025-10-13 10:00:00,1.33327,1.3333,1.33189,1.33264,20080
2025-10-13 11:00:00,1.33264,1.33351,1.33237,1.33283,13064
2025-10-13 12:00:00,1.33283,1.33368,1.33255,1.33301,11469
2025-10-13 13:00:00,1.33301,1.33341,1.33262,1.33319,8596
2025-10-13 14:00:00,1.33319,1.33403,1.33309,1.33343,6992
2025-10-13 15:00:00,1.33343,1.33392,1.333,1.33305,5431
2025-10-13 16:00:00,1.33305,1.33344,1.33296,1.33318,4835
2025-10-13 17:00:00,1.33318,1.33335,1.33227,1.33316,1176
2025-10-13 18:00:00,1.33316,1.33368,1.33302,1.33306,2027
2025-10-13 19:00:00,1.33306,1.33351,1.33265,1.33318,4658
2025-10-13 20:00:00,1.33318,1.33381,1.33254,1.33359,10809
2025-10-13 21:00:00,1.33359,1.33472,1.33349,1.33433,10014
2025-10-13 22:00:00,1.33433,1.33457,1.33394,1.33436,5926
2025-10-13 23:00:00,1.33436,1.33498,1.33398,1.33449,7496
2025-10-14 00:00:00,1.33449,1.33521,1.33432,1.33518,11789
2025-10-14 01:00:00,1.33518,1.3352,1.334,1.33405,12050
2025-10-14 02:00:00,1.33405,1.3341,1.32745,1.32799,29849
2025-10-14 03:00:00,1.32799,1.3283,1.32523,1.3257,27204
2025-10-14 04:00:00,1.3257,1.32838,1.32533,1.32838,16518
2025-10-14 05:00:00,1.32838,1.32839,1.32637,1.32675,15327
2025-10-14 06:00:00,1.32675,1.32715,1.32582,1.32644,16128
2025-10-14 07:00:00,1.32644,1.32757,1.3261,1.32686,14741
2025-10-14 08:00:00,1.32686,1.32725,1.32483,1.32613,18097
2025-10-14 09:00:00,1.32613,1.32958,1.32605,1.32816,28815
2025-10-14 10:00:00,1.32816,1.33028,1.32792,1.32967,28216
2025-10-14 11:00:00,1.32967,1.33189,1.32878,1.33176,23422
2025-10-14 12:00:00,1.33176,1.33295,1.33064,1.33178,19576
2025-10-14 13:00:00,1.33178,1.33298,1.33119,1.33277,12592
2025-10-14 14:00:00,1.33277,1.33317,1.33202,1.33276,9967
2025-10-14 15:00:00,1.33276,1.3332,1.33224,1.33252,11360
2025-10-14 16:00:00,1.33252,1.33271,1.33136,1.33152,3749
2025-10-14 17:00:00,1.33152,1.33203,1.33099,1.3316,1602
2025-10-14 18:00:00,1.3316,1.33224,1.33147,1.33187,2203
2025-10-14 19:00:00,1.33187,1.33243,1.33168,1.33217,3881
2025-10-14 20:00:00,1.33217,1.33306,1.332,1.33285,9254
2025-10-14 21:00:00,1.33285,1.33407,1.33255,1.33398,10314
2025-10-14 22:00:00,1.33398,1.33512,1.33398,1.33492,8978
2025-10-14 23:00:00,1.33492,1.33539,1.33479,1.33514,7011
2025-10-15 00:00:00,1.33514,1.33538,1.33447,1.33484,5490
2025-10-15 01:00:00,1.33484,1.33587,1.33465,1.33524,6796
2025-10-15 02:00:00,1.33524,1.33732,1.33503,1.33623,15011
2025-10-15 03:00:00,1.33623,1.33639,1.33417,1.33498,18994
2025-10-15 04:00:00,1.33498,1.33554,1.33412,1.33455,15917
2025-10-15 05:00:00,1.33455,1.33571,1.33359,1.33505,12889
2025-10-15 06:00:00,1.33505,1.33658,1.33463,1.33644,9207
2025-10-15 07:00:00,1.33644,1.33666,1.33498,1.33515,10328
2025-10-15 08:00:00,1.33515,1.33562,1.33411,1.33456,17627
2025-10-15 09:00:00,1.33456,1.33526,1.33347,1.33497,25746
2025-10-15 10:00:00,1.33496,1.33668,1.33464,1.33649,17483
2025-10-15 11:00:00,1.33649,1.34031,1.33618,1.33937,20116
2025-10-15 12:00:00,1.33937,1.33946,1.33841,1.33906,13505
2025-10-15 13:00:00,1.33906,1.33906,1.33713,1.33768,17110
2025-10-15 14:00:00,1.33768,1.33868,1.33701,1.33825,8191
2025-10-15 15:00:00,1.33825,1.33938,1.33825,1.33934,6343
2025-10-15 16:00:00,1.33934,1.34075,1.33918,1.34004,6248
2025-10-15 17:00:00,1.34004,1.34021,1.33874,1.33914,1630
2025-10-15 18:00:00,1.33914,1.34076,1.33914,1.34035,2898
2025-10-15 19:00:00,1.34035,1.34043,1.34,1.34029,4644
2025-10-15 20:00:00,1.34029,1.34283,1.33995,1.34219,15150
2025-10-15 21:00:00,1.34219,1.34421,1.34217,1.34362,12758
2025-10-15 22:00:00,1.34362,1.34398,1.34284,1.34308,8394
2025-10-15 23:00:00,1.34308,1.34317,1.34215,1.34216,6213
2025-10-16 00:00:00,1.34216,1.34226,1.34124,1.34141,5338
2025-10-16 01:00:00,1.34141,1.34206,1.34115,1.34168,8682
2025-10-16 02:00:00,1.34168,1.34225,1.34038,1.34106,17889
2025-10-16 03:00:00,1.34106,1.34276,1.34076,1.34266,22687
2025-10-16 04:00:00,1.34266,1.34429,1.34235,1.34378,15433
2025-10-16 05:00:00,1.34378,1.34411,1.34322,1.34359,10534
2025-10-16 06:00:00,1.34359,1.3448,1.34297,1.34337,11666
2025-10-16 07:00:00,1.34337,1.34452,1.34214,1.34406,13982
2025-10-16 08:00:00,1.34406,1.34488,1.34217,1.34475,16482
2025-10-16 09:00:00,1.34475,1.34546,1.342,1.34205,23611
2025-10-16 10:00:00,1.34205,1.34358,1.34116,1.34335,27652
2025-10-16 11:00:00,1.34335,1.34362,1.34177,1.34229,22303
2025-10-16 12:00:00,1.34229,1.34329,1.34147,1.34267,26744
2025-10-16 13:00:00,1.34267,1.34477,1.34255,1.34379,18751
2025-10-16 14:00:00,1.34379,1.34382,1.34198,1.34347,14684
2025-10-16 15:00:00,1.34347,1.34381,1.34297,1.34338,11797
2025-10-16 16:00:00,1.34338,1.34366,1.34305,1.34328,4927
2025-10-16 17:00:00,1.34328,1.34338,1.34253,1.34306,1542
2025-10-16 18:00:00,1.34306,1.34449,1.34302,1.34368,2715
2025-10-16 19:00:00,1.34368,1.34452,1.34356,1.34437,5233
2025-10-16 20:00:00,1.34437,1.3452,1.34401,1.34468,11634
2025-10-16 21:00:00,1.34468,1.34513,1.34378,1.34384,13871
2025-10-16 22:00:00,1.34384,1.34488,1.34311,1.34441,9727
2025-10-16 23:00:00,1.34441,1.34509,1.34433,1.34482,7558
2025-10-17 00:00:00,1.34482,1.34534,1.34458,1.3452,6395
2025-10-17 01:00:00,1.3452,1.3471,1.34513,1.34688,8560
2025-10-17 02:00:00,1.34688,1.34714,1.345,1.34551,17966
2025-10-17 03:00:00,1.34551,1.34577,1.34242,1.34319,31353
2025-10-17 04:00:00,1.34319,1.34372,1.3411,1.34239,17717
2025-10-17 05:00:00,1.34239,1.34394,1.34232,1.34354,12308
2025-10-17 06:00:00,1.34354,1.34414,1.34273,1.34341,12124
2025-10-17 07:00:00,1.34341,1.34432,1.34304,1.34345,18008
2025-10-17 08:00:00,1.34345,1.34355,1.3408,1.3412,24048
2025-10-17 09:00:00,1.3412,1.34226,1.34013,1.34037,29742
2025-10-17 10:00:00,1.34036,1.34095,1.3391,1.33918,37928
2025-10-17 11:00:00,1.33918,1.34221,1.33907,1.34221,25571
2025-10-17 12:00:00,1.34221,1.3431,1.34127,1.34169,17321
2025-10-17 13:00:00,1.34169,1.34248,1.34105,1.34163,14185
2025-10-17 14:00:00,1.34163,1.34388,1.34135,1.34338,11698
2025-10-17 15:00:00,1.34338,1.34378,1.34291,1.34376,6317
2025-10-17 16:00:00,1.34376,1.34379,1.34206,1.34239,4153
2025-10-19 18:00:00,1.34189,1.34293,1.34189,1.34276,3151
2025-10-19 19:00:00,1.34276,1.34303,1.34241,1.34245,4953
2025-10-19 20:00:00,1.34245,1.34346,1.34215,1.34338,11241
2025-10-19 21:00:00,1.34338,1.34369,1.34268,1.34326,8427
2025-10-19 22:00:00,1.34326,1.34428,1.34322,1.34353,5464
2025-10-19 23:00:00,1.34353,1.34409,1.34339,1.344,4271
2025-10-20 00:00:00,1.344,1.34427,1.34354,1.34356,5620
2025-10-20 01:00:00,1.34356,1.34409,1.34324,1.34403,5808
2025-10-20 02:00:00,1.34403,1.34404,1.34154,1.34168,13326
2025-10-20 03:00:00,1.34168,1.34278,1.34052,1.34157,16210
2025-10-20 04:00:00,1.34157,1.34282,1.34113,1.34276,12992
2025-10-20 05:00:00,1.34276,1.34385,1.34246,1.34281,14960
2025-10-20 06:00:00,1.34281,1.34322,1.34097,1.34103,11002
2025-10-20 07:00:00,1.34103,1.34131,1.34,1.34117,12159
2025-10-20 08:00:00,1.34117,1.34298,1.34096,1.34257,16108
2025-10-20 09:00:00,1.34257,1.34267,1.34019,1.34043,19190
2025-10-20 10:00:00,1.34043,1.34251,1.34017,1.34161,16421
2025-10-20 11:00:00,1.34161,1.34275,1.34108,1.34198,16101
2025-10-20 12:00:00,1.34198,1.34233,1.34116,1.34158,10770
2025-10-20 13:00:00,1.34158,1.34162,1.34022,1.34022,8494
2025-10-20 14:00:00,1.34022,1.34113,1.33999,1.34092,7240
2025-10-20 15:00:00,1.34092,1.34131,1.34049,1.34062,4916
2025-10-20 16:00:00,1.34062,1.34108,1.34036,1.34043,3259
2025-10-20 17:00:00,1.34043,1.34089,1.33949,1.34044,930
2025-10-20 18:00:00,1.34044,1.34083,1.34034,1.3404,1794
2025-10-20 19:00:00,1.3404,1.34049,1.34028,1.34044,2553
2025-10-20 20:00:00,1.34044,1.3416,1.3403,1.34141,6641
2025-10-20 21:00:00,1.34141,1.34141,1.33989,1.34003,8290
2025-10-20 22:00:00,1.34003,1.34003,1.33908,1.33926,8282
2025-10-20 23:00:00,1.33926,1.33936,1.33896,1.33927,5601
2025-10-21 00:00:00,1.33927,1.33938,1.33875,1.33921,7021
2025-10-21 01:00:00,1.33921,1.33936,1.3374,1.33751,9686
2025-10-21 02:00:00,1.33751,1.33924,1.3372,1.33898,14680
2025-10-21 03:00:00,1.33898,1.33973,1.33795,1.33928,20830
2025-10-21 04:00:00,1.33928,1.33928,1.33735,1.33798,21889
2025-10-21 05:00:00,1.33798,1.33917,1.33751,1.33844,13142
2025-10-21 06:00:00,1.33844,1.33875,1.33657,1.33828,13871
2025-10-21 07:00:00,1.33828,1.33944,1.3372,1.33845,14867
2025-10-21 08:00:00,1.33845,1.33887,1.3369,1.33864,22960
2025-10-21 09:00:00,1.33864,1.33878,1.3361,1.33766,25942
2025-10-21 10:00:00,1.33762,1.33864,1.33642,1.33726,29200
2025-10-21 11:00:00,1.33726,1.33938,1.33726,1.33887,20855
2025-10-21 12:00:00,1.33887,1.33982,1.33711,1.3373,19503
2025-10-21 13:00:00,1.3373,1.33732,1.33651,1.33721,15240
2025-10-21 14:00:00,1.33721,1.33768,1.3371,1.33726,9346
2025-10-21 15:00:00,1.33726,1.33754,1.33691,1.33717,7604
2025-10-21 16:00:00,1.33717,1.33718,1.33655,1.33683,4144
2025-10-21 17:00:00,1.33683,1.33697,1.3358,1.33693,896
2025-10-21 18:00:00,1.33693,1.33713,1.33665,1.33683,1818
2025-10-21 19:00:00,1.33683,1.33695,1.33637,1.33649,3081
2025-10-21 20:00:00,1.33649,1.33744,1.33639,1.33712,11714
2025-10-21 21:00:00,1.33712,1.33772,1.33675,1.33709,8817
2025-10-21 22:00:00,1.33709,1.33801,1.33708,1.33761,4982
2025-10-21 23:00:00,1.33761,1.33769,1.33708,1.33739,3994
2025-10-22 00:00:00,1.33739,1.33796,1.33737,1.3379,4241
2025-10-22 01:00:00,1.3379,1.3387,1.3379,1.3383,5297
2025-10-22 02:00:00,1.3383,1.33836,1.33289,1.33348,29059
2025-10-22 03:00:00,1.33348,1.33379,1.3319,1.33221,21745
2025-10-22 04:00:00,1.33221,1.33259,1.33126,1.33206,23414
2025-10-22 05:00:00,1.33206,1.3327,1.33164,1.33187,13137
2025-10-22 06:00:00,1.33187,1.33228,1.33055,1.33127,12661
2025-10-22 07:00:00,1.33127,1.33331,1.33112,1.3328,14302
2025-10-22 08:00:00,1.3328,1.33404,1.33101,1.33237,20953
2025-10-22 09:00:00,1.33237,1.33438,1.33161,1.33418,24956
2025-10-22 10:00:00,1.33418,1.33572,1.33413,1.33547,22495
2025-10-22 11:00:00,1.33547,1.33744,1.33539,1.33702,21308
2025-10-22 12:00:00,1.33702,1.33764,1.33643,1.3371,20616
2025-10-22 13:00:00,1.3371,1.33723,1.33577,1.33605,14764
2025-10-22 14:00:00,1.33605,1.33616,1.3354,1.33556,9262
2025-10-22 15:00:00,1.33556,1.33609,1.33524,1.33564,7464
2025-10-22 16:00:00,1.33564,1.33619,1.33549,1.33551,2741
2025-10-22 17:00:00,1.33551,1.33551,1.3347,1.33526,1842
2025-10-22 18:00:00,1.33526,1.33592,1.33521,1.33555,2019
2025-10-22 19:00:00,1.33555,1.33559,1.33493,1.33503,3966
2025-10-22 20:00:00,1.33503,1.33504,1.33394,1.33454,7144
2025-10-22 21:00:00,1.33454,1.33472,1.33384,1.33391,6090
2025-10-22 22:00:00,1.33391,1.33396,1.33344,1.33368,4990
2025-10-22 23:00:00,1.33368,1.33401,1.33326,1.33329,3972
2025-10-23 00:00:00,1.33329,1.33391,1.33296,1.33389,3844
2025-10-23 01:00:00,1.33389,1.33509,1.33379,1.33474,4533
2025-10-23 02:00:00,1.33474,1.33572,1.33441,1.33494,11754
2025-10-23 03:00:00,1.33494,1.3356,1.33443,1.33508,11020
2025-10-23 04:00:00,1.33508,1.33553,1.33436,1.33494,9996
2025-10-23 05:00:00,1.33494,1.33545,1.33478,1.33487,7830
2025-10-23 06:00:00,1.33487,1.33519,1.33348,1.33371,8222
2025-10-23 07:00:00,1.33371,1.3342,1.33336,1.33361,8533
2025-10-23 08:00:00,1.33361,1.33502,1.33265,1.33431,14396
2025-10-23 09:00:00,1.33431,1.33478,1.33243,1.33268,19402
2025-10-23 10:00:00,1.33268,1.33371,1.33199,1.33219,17164
2025-10-23 11:00:00,1.33219,1.3326,1.33108,1.33208,16574
2025-10-23 12:00:00,1.33208,1.33261,1.33116,1.33122,9741
2025-10-23 13:00:00,1.33122,1.33209,1.33079,1.33169,9469
2025-10-23 14:00:00,1.33169,1.33241,1.33159,1.33232,6305
2025-10-23 15:00:00,1.33232,1.33267,1.33227,1.33239,4395
2025-10-23 16:00:00,1.33239,1.3328,1.33205,1.33248,2931
2025-10-23 17:00:00,1.33248,1.33248,1.33166,1.3324,1767
2025-10-23 18:00:00,1.3324,1.33296,1.33238,1.33262,1672
2025-10-23 19:00:00,1.33262,1.33279,1.33237,1.33262,2565
2025-10-23 20:00:00,1.33262,1.33323,1.33252,1.333,8457
2025-10-23 21:00:00,1.333,1.33313,1.33208,1.33212,9104
2025-10-23 22:00:00,1.33212,1.33258,1.3317,1.33183,8913
2025-10-23 23:00:00,1.33183,1.33281,1.33183,1.33252,7004
2025-10-24 00:00:00,1.33252,1.33253,1.33188,1.33208,6488
2025-10-24 01:00:00,1.33208,1.33211,1.33113,1.33183,6844
2025-10-24 02:00:00,1.33183,1.33333,1.33121,1.33322,16141
2025-10-24 03:00:00,1.33322,1.3333,1.33139,1.3315,18302
2025-10-24 04:00:00,1.3315,1.33264,1.33006,1.33206,17049
2025-10-24 05:00:00,1.33206,1.3325,1.33132,1.33217,11668
2025-10-24 06:00:00,1.33217,1.33253,1.33137,1.33174,8593
2025-10-24 07:00:00,1.33174,1.33197,1.32999,1.33059,11489
2025-10-24 08:00:00,1.33059,1.33598,1.33046,1.33452,35506
2025-10-24 09:00:00,1.33452,1.3359,1.33286,1.33376,27124
2025-10-24 10:00:00,1.33376,1.33391,1.32933,1.33002,27723
2025-10-24 11:00:00,1.33002,1.33077,1.32909,1.32961,20908
2025-10-24 12:00:00,1.32961,1.32992,1.32872,1.32953,10401
2025-10-24 13:00:00,1.32953,1.33068,1.32952,1.33026,8903
2025-10-24 14:00:00,1.33026,1.33067,1.33004,1.33042,8925
2025-10-24 15:00:00,1.33042,1.33123,1.33024,1.33115,3657
2025-10-24 16:00:00,1.33115,1.33175,1.33062,1.33099,3406
2025-10-26 18:00:00,1.3316,1.33273,1.3316,1.33224,6234
2025-10-26 19:00:00,1.33224,1.3325,1.33182,1.33215,6335
2025-10-26 20:00:00,1.33215,1.33282,1.33173,1.3324,9234
2025-10-26 21:00:00,1.3324,1.33357,1.33214,1.33277,10702
2025-10-26 22:00:00,1.33277,1.3328,1.33208,1.3323,5442
2025-10-26 23:00:00,1.3323,1.33267,1.33197,1.33219,5267
2025-10-27 00:00:00,1.33219,1.33224,1.33128,1.3316,5038
2025-10-27 01:00:00,1.3316,1.33221,1.33127,1.33202,5150
2025-10-27 02:00:00,1.33202,1.33343,1.33202,1.33232,9361
2025-10-27 03:00:00,1.33232,1.33258,1.33101,1.33155,11610
2025-10-27 04:00:00,1.33155,1.33339,1.33103,1.33267,15775
2025-10-27 05:00:00,1.33267,1.33466,1.33229,1.33451,13961
2025-10-27 06:00:00,1.33451,1.33511,1.33414,1.33447,8878
2025-10-27 07:00:00,1.33447,1.33531,1.33372,1.33477,11080
2025-10-27 08:00:00,1.33477,1.33519,1.33404,1.33478,12116
2025-10-27 09:00:00,1.33478,1.33518,1.33253,1.33347,15358
2025-10-27 10:00:00,1.33347,1.33368,1.33261,1.33308,16090
2025-10-27 11:00:00,1.33308,1.33325,1.33171,1.33291,15862
2025-10-27 12:00:00,1.33291,1.33352,1.33232,1.3335,11208
2025-10-27 13:00:00,1.3335,1.3339,1.33325,1.33335,7051
2025-10-27 14:00:00,1.33335,1.33387,1.33245,1.33376,9720
2025-10-27 15:00:00,1.33376,1.33384,1.33286,1.3335,6869
2025-10-27 16:00:00,1.3335,1.33388,1.33322,1.33347,3304
2025-10-27 17:00:00,1.33347,1.33373,1.33322,1.3333,3141
2025-10-27 18:00:00,1.3333,1.33397,1.3333,1.33393,4261
2025-10-27 19:00:00,1.33393,1.33445,1.33379,1.33402,3075
2025-10-27 20:00:00,1.33402,1.33537,1.33367,1.33497,7375
2025-10-27 21:00:00,1.33497,1.33582,1.33474,1.33521,12727
2025-10-27 22:00:00,1.33521,1.33584,1.33485,1.33489,10736
2025-10-27 23:00:00,1.33489,1.33574,1.33484,1.3356,9238
2025-10-28 00:00:00,1.3356,1.3367,1.33551,1.33664,10696
2025-10-28 01:00:00,1.33664,1.33696,1.336,1.33619,9888
2025-10-28 02:00:00,1.33619,1.3367,1.33516,1.33523,10677
2025-10-28 03:00:00,1.33523,1.33526,1.33315,1.3336,14168
2025-10-28 04:00:00,1.3336,1.3338,1.3301,1.33073,20215
2025-10-28 05:00:00,1.33073,1.33224,1.33005,1.33173,12748
2025-10-28 06:00:00,1.33173,1.33285,1.33114,1.33251,14327
2025-10-28 07:00:00,1.33251,1.33256,1.33042,1.33077,12025
2025-10-28 08:00:00,1.33077,1.33135,1.32799,1.3284,19137
2025-10-28 09:00:00,1.3284,1.3285,1.32473,1.3256,21494
2025-10-28 10:00:00,1.3256,1.32786,1.32537,1.32764,20829
2025-10-28 11:00:00,1.32764,1.32832,1.32673,1.32771,17035
2025-10-28 12:00:00,1.32771,1.32908,1.3274,1.32896,17306
2025-10-28 13:00:00,1.32896,1.329,1.32754,1.32768,11489
2025-10-28 14:00:00,1.32768,1.32829,1.32698,1.32797,9542
2025-10-28 15:00:00,1.32797,1.32838,1.32725,1.32727,8172
2025-10-28 16:00:00,1.32727,1.3279,1.32696,1.32696,4142
2025-10-28 17:00:00,1.32696,1.3272,1.32666,1.32709,783
2025-10-28 18:00:00,1.32709,1.32752,1.32701,1.32717,3489
2025-10-28 19:00:00,1.32717,1.32787,1.3269,1.32786,3006
2025-10-28 20:00:00,1.32786,1.32805,1.32682,1.32723,15227
2025-10-28 21:00:00,1.32723,1.32741,1.32635,1.32638,11242
2025-10-28 22:00:00,1.32638,1.3268,1.32566,1.32637,8096
2025-10-28 23:00:00,1.32637,1.32642,1.32506,1.32524,6250
2025-10-29 00:00:00,1.32524,1.32546,1.32492,1.32511,7694
2025-10-29 01:00:00,1.32511,1.32513,1.32331,1.32351,9108
2025-10-29 02:00:00,1.32351,1.32407,1.3225,1.32268,8350
2025-10-29 03:00:00,1.32268,1.32343,1.32208,1.32287,8213
2025-10-29 04:00:00,1.32287,1.32287,1.32099,1.32109,0
2025-10-29 05:00:00,1.32079,1.32273,1.31994,1.32219,0
2025-10-29 06:00:00,1.32209,1.32231,1.32155,1.32191,0
2025-10-29 07:00:00,1.32191,1.32251,1.32162,1.32189,0
2025-10-29 08:00:00,1.32191,1.32207,1.31989,1.32032,0
2025-10-29 09:00:00,1.32065,1.32233,1.31964,1.32067,0
2025-10-29 10:00:00,1.32078,1.3227,1.32038,1.32266,0
2025-10-29 11:00:00,1.32331,1.32445,1.3228,1.32424,0
2025-10-29 12:00:00,1.32414,1.32433,1.32279,1.32279,0
2025-10-29 13:00:00,1.32287,1.32319,1.32172,1.32261,0
2025-10-29 14:00:00,1.32114,1.32242,1.31479,1.31619,0
2025-10-29 15:00:00,1.31699,1.31945,1.31506,1.31945,0
2025-10-29 16:00:00,1.31942,1.32008,1.31817,1.31957,0
2025-10-29 17:00:00,1.31957,1.31994,1.31881,1.31959,0
2025-10-29 18:00:00,1.31956,1.31984,1.31935,1.3194,0
2025-10-29 19:00:00,1.31947,1.31985,1.3193,1.31952,0
2025-10-29 20:00:00,1.31945,1.32074,1.31883,1.3205,0
2025-10-29 21:00:00,1.32057,1.32079,1.31977,1.32069,0
2025-10-29 22:00:00,1.32069,1.32099,1.32038,1.32043,0
2025-10-29 23:00:00,1.32064,1.32095,1.31984,1.32027,0
2025-10-30 00:00:00,1.32027,1.32179,1.32015,1.32172,0
2025-10-30 01:00:00,1.32184,1.32184,1.32093,1.32104,0
2025-10-30 02:00:00,1.32102,1.32144,1.3198,1.32034,0
2025-10-30 03:00:00,1.32008,1.32125,1.31931,1.31975,0
2025-10-30 04:00:00,1.31985,1.32107,1.31888,1.32083,0
2025-10-30 05:00:00,1.32095,1.32097,1.31855,1.31893,0
2025-10-30 06:00:00,1.31888,1.31897,1.31761,1.3177,0
2025-10-30 07:00:00,1.31752,1.31907,1.31752,1.31792,0
2025-10-30 08:00:00,1.31785,1.31846,1.31368,1.31368,0
2025-10-30 09:00:00,1.31354,1.31645,1.31201,1.31567,0
2025-10-30 10:00:00,1.31567,1.31782,1.31544,1.31565,0
2025-10-30 11:00:00,1.31584,1.31679,1.31461,1.3147,0
2025-10-30 12:00:00,1.31484,1.31603,1.31384,1.31562,0
2025-10-30 13:00:00,1.31543,1.31589,1.31468,1.31541,0
2025-10-30 14:00:00,1.31525,1.31572,1.31465,1.31467,0
2025-10-30 15:00:00,1.31499,1.31505,1.31401,1.31458,0
2025-10-30 16:00:00,1.31446,1.31558,1.31446,1.31499,0
2025-10-30 17:00:00,1.31477,1.31543,1.31432,1.31541,0
2025-10-30 18:00:00,1.31543,1.31548,1.31505,1.31532,647
2025-10-30 19:00:00,1.31532,1.31599,1.31503,1.31583,2385
2025-10-30 20:00:00,1.31583,1.31612,1.31549,1.31592,6335
2025-10-30 21:00:00,1.31592,1.31647,1.31527,1.31532,7865
2025-10-30 22:00:00,1.31532,1.31582,1.31498,1.31528,6433
2025-10-30 23:00:00,1.31528,1.31548,1.31499,1.31516,4892
2025-10-31 00:00:00,1.31516,1.31571,1.31509,1.31567,2757
2025-10-31 01:00:00,1.31567,1.31571,1.31479,1.31498,3771
2025-10-31 02:00:00,1.31498,1.31567,1.31364,1.31402,7342
2025-10-31 03:00:00,1.31402,1.31505,1.31252,1.3145,12683
2025-10-31 04:00:00,1.3145,1.31465,1.31385,1.31408,12112
2025-10-31 05:00:00,1.31408,1.31481,1.31329,1.31432,10145
2025-10-31 06:00:00,1.31432,1.31478,1.31299,1.31307,7842
2025-10-31 07:00:00,1.31307,1.31395,1.31146,1.31284,11346
2025-10-31 08:00:00,1.31284,1.31285,1.31044,1.31066,15453
2025-10-31 09:00:00,1.31066,1.31164,1.30969,1.31136,15287
2025-10-31 10:00:00,1.31136,1.31268,1.31036,1.31246,15034
2025-10-31 11:00:00,1.31246,1.31389,1.3116,1.31383,19440
2025-10-31 12:00:00,1.31383,1.3143,1.31261,1.31282,12428
2025-10-31 13:00:00,1.31282,1.31375,1.3123,1.31314,8818
2025-10-31 14:00:00,1.31314,1.31424,1.31293,1.31394,7895
2025-10-31 15:00:00,1.31394,1.31438,1.31359,1.31366,5276
2025-10-31 16:00:00,1.31366,1.31488,1.31363,1.31485,5206
2025-11-02 18:00:00,1.3137,1.31417,1.31321,1.31335,8880
2025-11-02 19:00:00,1.31335,1.3137,1.31297,1.31351,5654
2025-11-02 20:00:00,1.31351,1.31369,1.31322,1.31345,6614
2025-11-02 21:00:00,1.31345,1.31421,1.31327,1.31383,6268
2025-11-02 22:00:00,1.31383,1.31412,1.31372,1.31391,5172
2025-11-02 23:00:00,1.31391,1.31446,1.31385,1.31412,3815
2025-11-03 00:00:00,1.31412,1.31458,1.31393,1.3142,5634
2025-11-03 01:00:00,1.3142,1.3149,1.31416,1.31464,6570
2025-11-03 02:00:00,1.31464,1.3149,1.31341,1.31381,9662
2025-11-03 03:00:00,1.31381,1.31384,1.31172,1.31235,11077
2025-11-03 04:00:00,1.31235,1.31349,1.31183,1.31249,8530
2025-11-03 05:00:00,1.31249,1.31388,1.31205,1.31299,9724
2025-11-03 06:00:00,1.31299,1.31388,1.31239,1.31276,7322
2025-11-03 07:00:00,1.31276,1.31468,1.31258,1.31405,7422
2025-11-03 08:00:00,1.31405,1.31405,1.31209,1.31266,10637
2025-11-03 09:00:00,1.31266,1.3129,1.31081,1.31128,14285
2025-11-03 10:00:00,1.31128,1.31471,1.31128,1.31461,19024
2025-11-03 11:00:00,1.31461,1.31507,1.31407,1.31477,13857
2025-11-03 12:00:00,1.31477,1.31622,1.31423,1.31447,9637
2025-11-03 13:00:00,1.31447,1.31477,1.31351,1.31384,7797
2025-11-03 14:00:00,1.31384,1.31418,1.31346,1.31375,7299
2025-11-03 15:00:00,1.31375,1.31416,1.31364,1.31389,4641
2025-11-03 16:00:00,1.31389,1.31422,1.31354,1.31408,1000
2025-11-03 17:00:00,1.31411,1.31442,1.31373,1.3138,0
2025-11-03 18:00:00,1.3138,1.31392,1.31351,1.31351,0
2025-11-03 19:00:00,1.31315,1.31318,1.31201,1.31253,0
2025-11-03 20:00:00,1.31232,1.31273,1.31192,1.31251,0
2025-11-03 21:00:00,1.31239,1.31263,1.31187,1.31235,0
2025-11-03 22:00:00,1.31254,1.31335,1.31253,1.31282,0
2025-11-03 23:00:00,1.31282,1.31327,1.3124,1.3124,0
2025-11-04 00:00:00,1.31235,1.31256,1.31197,1.31218,0
2025-11-04 01:00:00,1.31213,1.31268,1.31177,1.31242,0
2025-11-04 02:00:00,1.31216,1.31389,1.31187,1.31215,0
2025-11-04 03:00:00,1.31204,1.31204,1.30885,1.30924,0
2025-11-04 04:00:00,1.30936,1.30953,1.30603,1.30632,0
2025-11-04 05:00:00,1.3063,1.30786,1.3063,1.30733,0
2025-11-04 06:00:00,1.30751,1.30751,1.30579,1.30588,0
2025-11-04 07:00:00,1.30603,1.30685,1.30548,1.30671,0
2025-11-04 08:00:00,1.30652,1.30685,1.30576,1.30576,0
2025-11-04 09:00:00,1.30574,1.30644,1.30346,1.30465,0
2025-11-04 10:00:00,1.30485,1.30572,1.30431,1.30461,0
2025-11-04 11:00:00,1.30482,1.30521,1.30409,1.30434,0
2025-11-04 12:00:00,1.30439,1.30453,1.30274,1.30293,0
2025-11-04 13:00:00,1.30285,1.30285,1.3019,1.30235,0
2025-11-04 14:00:00,1.30235,1.30264,1.30144,1.30152,0
2025-11-04 15:00:00,1.30137,1.30249,1.30112,1.30193,0
2025-11-04 16:00:00,1.30193,1.30235,1.30163,1.30208,0
2025-11-04 17:00:00,1.30293,1.30314,1.30186,1.30274,0
2025-11-04 18:00:00,1.30237,1.30237,1.30202,1.30208,533
2025-11-04 19:00:00,1.30208,1.30226,1.30145,1.3019,4982
2025-11-04 20:00:00,1.3019,1.3024,1.30102,1.30154,10924
2025-11-04 21:00:00,1.30154,1.30224,1.30137,1.30155,8188
2025-11-04 22:00:00,1.30155,1.30201,1.30152,1.30198,5471
2025-11-04 23:00:00,1.30198,1.30266,1.30195,1.30255,4557
2025-11-05 00:00:00,1.30255,1.30298,1.30218,1.3022,4717
2025-11-05 01:00:00,1.3022,1.30309,1.30214,1.30281,4901
2025-11-05 02:00:00,1.30281,1.30308,1.3019,1.30269,8162
2025-11-05 03:00:00,1.30269,1.30494,1.30267,1.30448,12142
2025-11-05 04:00:00,1.30448,1.30532,1.30338,1.30398,10093
2025-11-05 05:00:00,1.30398,1.30402,1.30252,1.30252,5390
2025-11-05 06:00:00,1.30264,1.30363,1.30125,1.30354,0
2025-11-05 07:00:00,1.30383,1.30465,1.30348,1.30424,0
2025-11-05 08:00:00,1.30421,1.30465,1.30263,1.30263,0
2025-11-05 09:00:00,1.30256,1.30346,1.30212,1.30327,0
2025-11-05 10:00:00,1.30147,1.30463,1.30147,1.30419,0
2025-11-05 11:00:00,1.30417,1.30494,1.30324,1.30489,0
2025-11-05 12:00:00,1.30478,1.30494,1.30363,1.3039,0
2025-11-05 13:00:00,1.30385,1.30456,1.30385,1.30456,0
2025-11-05 14:00:00,1.3045,1.30477,1.30433,1.30456,0
2025-11-05 15:00:00,1.30477,1.30523,1.30473,1.30511,0
2025-11-05 16:00:00,1.30477,1.30548,1.30477,1.30489,0
2025-11-05 17:00:00,1.30465,1.30535,1.30463,1.30463,739
2025-11-05 18:00:00,1.30463,1.3053,1.30452,1.30519,1347
2025-11-05 19:00:00,1.30519,1.30597,1.30502,1.30595,5109
2025-11-05 20:00:00,1.30595,1.3065,1.30585,1.30632,6215
2025-11-05 21:00:00,1.30632,1.30641,1.30571,1.30593,5888
2025-11-05 22:00:00,1.30593,1.30644,1.30573,1.30632,4385
2025-11-05 23:00:00,1.30632,1.30655,1.30583,1.30622,3581
2025-11-06 00:00:00,1.30622,1.30644,1.30574,1.30605,4901
2025-11-06 01:00:00,1.30605,1.30676,1.30529,1.30544,6209
2025-11-06 02:00:00,1.30544,1.30714,1.30535,1.30625,9448
2025-11-06 03:00:00,1.30625,1.30871,1.30591,1.30845,12115
2025-11-06 04:00:00,1.30845,1.30894,1.30773,1.30802,9777
2025-11-06 05:00:00,1.30802,1.30867,1.3077,1.30785,8355
2025-11-06 06:00:00,1.30785,1.30946,1.30767,1.30917,9190
2025-11-06 07:00:00,1.30917,1.31043,1.30592,1.31001,22519
2025-11-06 08:00:00,1.31001,1.31249,1.30934,1.31079,15232
2025-11-06 09:00:00,1.31079,1.31105,1.3083,1.30834,16924
2025-11-06 10:00:00,1.30834,1.31048,1.30806,1.31019,22338
2025-11-06 11:00:00,1.31019,1.31106,1.30967,1.31049,14831
2025-11-06 12:00:00,1.31049,1.31247,1.31022,1.31225,14204
2025-11-06 13:00:00,1.31225,1.31425,1.31203,1.31393,7895
2025-11-06 14:00:00,1.31393,1.31422,1.31297,1.31319,7668
2025-11-06 15:00:00,1.31319,1.31397,1.31319,1.31359,8864
2025-11-06 16:00:00,1.31359,1.31392,1.31335,1.31364,4636
2025-11-06 17:00:00,1.31364,1.31364,1.31178,1.31305,2186
2025-11-06 18:00:00,1.31305,1.31397,1.31305,1.31391,1014
2025-11-06 19:00:00,1.31403,1.3141,1.31267,1.31297,5486
2025-11-06 20:00:00,1.31288,1.31399,1.31213,1.3125,58043
2025-11-06 21:00:00,1.31255,1.31392,1.31187,1.31216,6793
2025-11-06 22:00:00,1.31227,1.31235,1.31096,1.31125,33300
2025-11-06 23:00:00,1.31186,1.31186,1.31072,1.31164,4134
2025-11-07 00:00:00,1.31086,1.31221,1.31078,1.31192,38821
2025-11-07 01:00:00,1.31196,1.31279,1.31013,1.31136,6123
2025-11-07 02:00:00,1.31136,1.31251,1.31011,1.3125,99897
2025-11-07 03:00:00,1.31246,1.31294,1.30942,1.31023,178923
2025-11-07 04:00:00,1.3103,1.31163,1.30908,1.30976,71524
2025-11-07 05:00:00,1.30975,1.31202,1.30878,1.31099,83080
2025-11-07 06:00:00,1.31093,1.31317,1.30914,1.31205,87002
2025-11-07 07:00:00,1.31208,1.31346,1.30776,1.31153,11076
2025-11-07 08:00:00,1.31166,1.31372,1.3103,1.31306,16381
2025-11-07 09:00:00,1.31305,1.31496,1.31148,1.31485,16923
2025-11-07 10:00:00,1.31512,1.31745,1.31406,1.31516,174699
2025-11-07 11:00:00,1.31516,1.31704,1.31438,1.31623,346217
2025-11-07 12:00:00,1.3162,1.3172,1.31453,1.31688,367854
2025-11-07 13:00:00,1.31706,1.31748,1.31622,1.31627,196820
2025-11-07 14:00:00,1.31666,1.3172,1.3154,1.31575,208056
2025-11-07 15:00:00,1.31575,1.31608,1.31536,1.31596,1473
